# normals added by _obj_add_normals.py (evegr2toobj 不导法线)
# Converted by evegr2toobj.exe
# VertexCount: 1492
# IndexCount: 1980

o exportv2Shape LOD 10
v -20.591675 -23.347656 7.977448
v 20.591675 -23.347656 6.590912
v -2.576485 36.938843 17.400574
v 6.450745 -12.156067 -20.722168
v -0.080436 -12.268555 -21.847534
v -4.544937 -11.271851 22.118652
v 4.739304 -11.385254 22.126953
v 4.739304 -11.385254 22.126953
v 0.080436 -12.268555 21.847534
v 5.521637 -29.294189 -5.303711
v 5.521637 -29.294189 5.303711
v -5.521637 -29.294189 -5.303711
v 0.584993 30.784546 4.443466
v -20.810242 -12.290710 6.627106
v 21.847534 -12.268555 -0.080436
v -7.387817 43.437744 -11.168823
v -10.809204 42.826416 -6.825714
v 3.322784 48.375488 14.862610
v -0.000002 -11.418762 12.563232
v 8.178925 35.335938 -11.860291
v -8.867584 -8.349426 5.086548
v -5.318634 -12.738403 6.941925
v -11.860291 35.335938 8.178925
v 22.149902 -11.319641 -0.097266
v 18.174927 -22.924438 -4.609329
v 22.889893 -22.919678 -4.634628
v 5.318634 -12.738403 -6.941925
v 22.118652 -11.271851 4.544937
v 22.881592 -22.805420 4.723404
v 18.198242 -22.859009 0.004763
v 14.862610 49.390137 -4.117233
v -0.000893 49.925781 13.963440
v -0.000893 48.910645 13.963440
v 6.590912 -5.374664 -13.502380
v -6.589111 -5.374664 -13.502380
v 7.979248 -4.298752 -15.323608
v -6.589111 -4.298752 -15.323608
v -18.770447 -16.925598 -7.979248
v -18.770447 -16.925598 6.589111
v -18.376587 36.299072 0.603809
v 17.400574 36.938843 2.576485
v 5.521637 -29.294189 -5.303711
v 3.914886 0.240024 -2.260284
v 4.520523 27.209717 -0.000031
v 8.178925 35.335938 11.860291
v 17.400574 36.938843 2.576485
v 5.252411 -21.720581 21.961792
v -6.312225 -15.520935 5.994171
v 15.323608 -4.298752 7.979248
v 13.502380 -5.374664 6.590912
v -6.312225 -15.520935 -5.994171
v -15.323608 -4.298752 -7.979248
v -13.502380 -5.374664 -7.979248
v -13.502380 -5.374664 7.977448
v -14.862610 -4.571106 7.691223
v -16.495789 -21.637085 0.020031
v -0.064758 -13.704834 -23.287231
v 3.744431 -15.218628 -15.926331
v -11.860291 35.335938 -8.178925
v -6.589111 -23.347656 -20.591675
v -20.722168 -12.156067 -6.450745
v 7.979248 -15.849670 -20.591675
v 9.634979 42.822998 -7.071564
v -5.499023 29.682617 -1.169830
v 9.634979 42.822998 -7.071564
v 7.154785 -20.614197 -8.574158
v 8.574158 -20.614197 -7.154755
v 11.767456 -7.859802 0.000003
v -5.085587 50.667236 9.069061
v -9.960419 -7.034271 9.960388
v 6.174622 -8.414368 7.790253
v 20.591675 -15.849670 6.590912
v 15.323608 -4.298752 7.979248
v 13.502380 -5.374664 7.979248
v 13.502380 -5.374664 -7.977448
v 14.862610 -4.571106 -7.691223
v -13.523132 43.625244 13.523132
v -13.523132 43.625244 13.523132
v -13.509521 -3.105118 13.509460
v -13.509521 -3.105118 13.509460
v 8.174500 -34.611084 9.796783
v 10.168182 -7.034271 10.168182
v -7.977448 -15.849670 -20.591675
v 12.563293 -13.809509 -2.155502
v -4.788895 26.095093 -0.677582
v 2.728363 30.784546 -3.555679
v -4.119019 49.390137 14.862610
v -4.119019 49.390137 14.862610
v 13.502380 -5.374664 -6.589111
v 13.502380 -5.374664 -7.977448
v 9.634979 42.822998 -7.071564
v 5.537018 42.824219 -5.536987
v 5.085587 50.667236 -9.069061
v -3.914856 27.209717 -2.260269
v -4.486099 26.095093 -1.807678
v -2.981232 26.095093 3.808517
v -4.788895 26.095093 -0.677582
v 6.312225 -26.351929 0.000000
v 6.312225 -26.351929 0.000000
v -6.443298 -19.299927 -0.000000
v -4.443481 30.784546 -0.585005
v 2.576485 36.938843 -17.400574
v 7.977448 -5.374664 13.502380
v 7.977448 -4.298752 15.323608
v -6.591553 -21.680542 -17.028992
v 20.810242 -12.290710 -6.627106
v 4.177383 25.140259 -3.762619
v 4.117233 49.390137 14.862610
v -13.502380 -5.374664 6.589111
v -13.502380 -5.374664 7.977448
v 13.502380 -5.374664 7.979248
v 13.963440 48.375488 3.324341
v -13.963440 48.375488 3.322556
v -13.963440 48.375488 3.322556
v 13.502380 -5.374664 6.590912
v -15.195312 -6.977478 6.865204
v -6.590912 -23.347656 20.591675
v -18.376587 36.299072 0.603809
v 7.977448 -23.347656 20.591675
v 6.833130 -30.627686 19.014465
v 6.589111 -23.347656 18.770447
v 6.834900 -30.627686 -19.014465
v 18.770447 -23.347656 6.590912
v -7.979248 -23.347656 20.591675
v -6.834900 -30.627686 19.287720
v -6.589111 -23.347656 -20.591675
v -6.833130 -30.627686 -19.014465
v -6.589111 -23.347656 -18.770447
v -6.589111 -23.347656 -18.770447
v -6.590912 -23.347656 18.770447
v 3.289276 -13.757751 16.378723
v -3.147766 -13.679138 16.372986
v 0.064758 -13.704834 23.287231
v -7.979248 -5.374664 13.502380
v -7.979248 -4.298752 15.323608
v -21.915771 -21.691528 -0.017032
v -21.961792 -21.720581 5.252411
v 6.590912 -5.374664 -13.502380
v 7.979248 -4.298752 -15.323608
v -16.940430 -21.545166 -6.557587
v 0.017032 -21.691528 -21.915771
v -6.131683 -23.692627 -6.131683
v -19.014465 -30.627686 -6.834900
v -19.014465 -30.627686 6.833130
v 4.177383 25.140259 -3.762619
v 16.940430 -21.545166 6.557587
v 21.915771 -21.691528 0.017032
v -20.810242 -12.290710 6.627106
v 0.000893 48.910645 -13.963440
v 3.324570 48.375488 -14.862610
v 3.324341 48.375488 -13.963440
v -6.590912 -15.849670 20.591675
v 6.589111 -15.849670 20.591675
v 4.212143 40.266968 -1.121002
v -0.026118 40.266968 -5.349792
v 14.862610 49.390137 -4.117233
v 20.722168 -12.156067 6.450745
v 2.576485 36.938843 -17.400574
v -1.169811 29.682617 -5.499054
v -1.169811 29.682617 -5.499054
v -1.169811 29.682617 -5.499054
v -1.169811 29.682617 -5.499054
v 22.118652 -11.271851 4.544937
v -3.324341 48.375488 13.963440
v -3.324341 48.375488 13.963440
v -3.322556 48.375488 -13.963440
v -3.322784 48.375488 -14.862610
v 4.119019 49.390137 -13.963440
v 0.000893 48.910645 -13.963440
v 3.324570 48.375488 -14.862610
v 4.117233 49.390137 14.862610
v 3.322784 48.375488 14.862610
v -3.750244 -23.885376 -17.302246
v -11.767456 -0.971306 -0.000001
v 20.722168 -12.156067 6.450745
v 6.450745 -12.156067 -20.722168
v 0.058873 -23.825195 -23.297729
v -8.816193 -8.599579 -1.396362
v -8.816193 -16.871155 -1.396362
v -7.979248 -23.347656 20.591675
v -6.590912 -23.347656 18.770447
v 13.502380 -5.374664 7.979248
v 13.502380 -5.374664 6.590912
v -7.977448 -15.849670 -20.591675
v -4.739304 -11.385254 -22.126953
v -4.634628 -22.919678 -22.889893
v 0.075565 -22.858154 -18.198181
v -0.603809 36.299072 -18.376587
v 20.810242 -12.290710 -6.627106
v -18.770447 -16.925598 6.589111
v 18.770447 -16.925598 7.979248
v -14.669739 -5.711670 6.865204
v -14.669739 -5.711670 -6.998016
v -15.195312 -6.977478 6.865204
v -15.195312 -6.977478 -6.998016
v -6.833130 -30.627686 -19.014465
v 0.000000 -52.570557 -2.161324
v 23.265259 -13.671265 3.196838
v 23.297729 -23.825195 0.058873
v 16.378723 -13.757751 -3.289276
v -2.260246 34.626831 -3.914871
v -2.260246 34.626831 -3.914871
v 7.154755 -20.614197 8.574158
v 9.796783 -34.611084 -8.174500
v -1.356499 -1.778152 8.564697
v 13.963440 49.925781 0.000893
v -8.178894 35.335938 -11.860291
v -17.400574 36.938843 -2.576485
v -13.963440 48.375488 -3.324341
v -13.963440 48.375488 -3.324341
v 9.599030 29.869141 -9.599030
v -5.085587 50.667236 9.069061
v 8.178925 35.335938 11.860291
v 8.178925 35.335938 11.860291
v 6.174622 -8.414368 7.790253
v 11.860291 1.008793 -8.178925
v 8.178925 1.008793 11.860291
v 11.095581 47.123047 11.095581
v -7.528748 50.667236 3.545258
v -11.064819 43.886230 5.972565
v -2.981232 26.095093 3.808517
v 0.352131 23.627563 3.574387
v 2.260254 27.209717 3.914841
v -14.741089 43.544434 -12.265991
v -14.741882 -3.027908 -12.265564
v -0.009007 -23.832031 17.321350
v -13.502380 -5.374664 6.589111
v -13.502380 -5.374664 7.977448
v -0.603809 36.299072 -18.376587
v -8.178925 1.008793 11.860291
v -9.599030 29.869141 9.599030
v 6.311737 -18.253967 -6.311737
v 6.311737 -18.253967 -6.311737
v 11.095581 47.123047 11.095581
v 5.536987 42.824219 5.537018
v -5.862122 -1.548622 9.543518
v 7.702789 -1.548622 7.702789
v -8.867554 -8.349426 -5.086563
v 11.860291 1.008793 8.178925
v -7.702789 -1.548622 7.702789
v 11.860291 35.335938 8.178925
v -5.862122 -1.548622 9.543518
v -5.318634 -12.738403 6.941925
v -13.963440 49.925781 -0.000893
v -13.963440 48.910645 -0.000893
v -21.847534 -12.268555 0.080436
v 3.324570 48.375488 -14.862610
v 3.324341 48.375488 -13.963440
v -2.728363 30.784546 3.555649
v 3.555664 30.784546 -2.728378
v 3.555664 30.784546 -2.728378
v 17.028992 -21.680542 -6.591553
v -3.914856 27.209717 -2.260269
v -0.352125 23.627563 -3.574417
v -1.169811 29.682617 -5.499054
v 0.117332 26.505249 -3.629349
v -4.119019 49.390137 14.862610
v -0.000893 49.925781 13.963440
v -0.000893 48.910645 13.963440
v 0.000893 49.925781 -13.963440
v 0.000893 48.910645 -13.963440
v 4.212143 40.266968 -1.121002
v 4.212143 40.266968 -1.121002
v 4.212143 40.266968 -1.121002
v -6.131683 -1.778152 -6.131683
v 10.168182 -7.034271 10.168182
v 9.282074 -30.519897 0.000002
v 9.282074 -30.519897 0.000002
v -4.576920 -19.296448 -0.000000
v 2.689835 35.409668 4.636032
v 2.689835 35.409668 4.636032
v -11.767456 -30.578491 1.647240
v -8.178925 1.008793 11.860291
v -9.599030 29.869141 -9.599030
v -9.599030 29.869141 -9.599030
v -5.862122 -1.548622 -9.543518
v 9.599030 29.869141 -9.599030
v -8.201111 -22.618408 2.736526
v -8.201111 -22.618408 2.736526
v 1.211239 -30.925659 -9.059814
v -5.085587 50.667236 9.069061
v -11.860291 1.008793 -8.178925
v -0.000000 -18.876221 -11.396057
v -0.000000 -18.876221 -11.396057
v 11.767456 -30.578491 -1.647240
v 11.767456 -30.578491 -1.647240
v 11.767456 -30.578491 -1.647240
v -1.647240 -30.578491 -11.767456
v -1.647240 -30.578491 -11.767456
v -1.647240 -30.578491 -11.767456
v 7.702789 -1.548622 7.702789
v -9.599030 29.869141 9.599030
v -9.599030 29.869141 9.599030
v -9.960419 -7.034271 9.960388
v -7.387817 43.437744 -11.168823
v 5.086563 -8.349426 -8.867554
v 5.086563 -8.349426 -8.867554
v 2.736526 -10.998779 8.815491
v -8.867554 -8.349426 -5.086563
v -6.516846 -12.735352 -6.516846
v 8.083099 49.883545 2.990891
v -4.186081 -12.735352 8.215576
v -4.186081 -12.735352 8.215576
v -14.741089 43.544434 -12.265991
v -6.312225 -15.520935 5.994171
v -6.312225 -15.520935 5.994171
v -5.521637 -29.294189 5.303711
v -5.521637 -29.294189 5.303711
v -5.521637 -29.294189 5.303711
v -5.521637 -29.294189 5.303711
v 11.860291 1.008793 8.178925
v 3.765198 35.409668 -3.765198
v 3.765198 35.409668 -3.765198
v -2.092155 -4.320023 4.106033
v 0.000000 -52.570557 -2.161324
v -2.260246 34.626831 -3.914871
v -2.260246 34.626831 -3.914871
v -7.702789 -1.548622 7.702789
v 5.537018 42.824219 -5.536987
v -6.523010 -2.331963 6.523010
v 13.244019 -5.033279 -9.563019
v -2.736526 -15.070618 -8.201111
v -2.736526 -15.070618 -8.201111
v -2.736526 -15.070618 -8.201111
v -2.708908 -35.873901 -9.059814
v -1.356499 -1.778152 8.564697
v -1.356499 -1.778152 8.564697
v -1.356499 -1.778152 8.564697
v -1.356499 -1.778152 8.564697
v -7.136383 40.994385 7.136353
v 12.563293 -13.809509 -2.155502
v 12.563293 -13.809509 -2.155502
v 20.591675 -23.347656 6.590912
v 20.591675 -23.347656 6.590912
v 5.168259 35.409668 1.404938
v 4.576920 -19.296448 0.000001
v 4.576920 -19.296448 0.000001
v 4.576920 -8.668732 0.000001
v -6.312256 -42.718262 -0.000000
v -6.312256 -42.718262 -0.000000
v 11.396057 -18.876221 0.000003
v -8.816193 -8.599579 -1.396362
v 7.154785 -20.614197 -8.574158
v 7.154785 -20.614197 -8.574158
v 5.085587 50.667236 -9.069061
v 5.521637 -29.294189 -5.303711
v 5.521637 -29.294189 -5.303711
v 5.521637 -29.294189 -5.303711
v 4.301575 49.883545 9.393799
v -0.000000 -48.438965 7.326752
v -0.000000 -48.438965 7.326752
v -0.000000 -48.438965 7.326752
v -20.591675 -23.347656 -6.590912
v 6.311737 -3.238968 6.311707
v -5.168243 35.409668 1.352699
v -0.000002 -11.418762 12.563232
v 2.736526 -22.618408 8.201111
v 2.736526 -22.618408 8.201111
v 2.736526 -22.618408 8.201111
v 0.000000 -42.696533 -9.469666
v 0.000000 -42.696533 -9.469666
v 0.000000 -42.696533 -9.469666
v 0.000000 -29.979248 -9.469666
v 0.000000 -29.979248 -9.469666
v 0.000000 -14.135437 -9.469666
v 0.000000 -14.135437 -9.469666
v -0.000000 -29.979248 9.469666
v -0.000000 -29.979248 9.469666
v -0.000000 -14.135437 9.469666
v -0.000001 -30.578735 8.201111
v -0.000001 -30.578735 8.201111
v 8.201111 -15.070618 -2.736526
v 8.201111 -15.070618 -2.736526
v 8.201111 -15.070618 -2.736526
v -0.000001 -19.296448 4.576920
v -0.000001 -19.296448 4.576920
v -0.000001 -8.668732 4.576920
v -0.000001 -8.668732 4.576920
v -0.026118 40.266968 -5.349792
v -0.026118 40.266968 -5.349792
v -0.026118 40.266968 -5.349792
v 1.211239 -18.927490 -11.324768
v 7.528748 50.667236 -3.545242
v -7.528748 50.667236 3.545258
v -2.736526 -22.618408 -8.201111
v -2.736526 -22.618408 -8.201111
v -1.694435 36.067017 2.974258
v -1.694435 36.067017 2.974258
v -0.000000 -30.578735 -8.201111
v -0.000000 -30.578735 -8.201111
v -0.000000 -30.578735 -8.201111
v 0.000000 -7.364746 -8.077759
v 9.796783 -34.611084 -8.174500
v -9.073090 47.845215 -9.073090
v -9.073090 47.845215 -9.073090
v -10.809204 42.826416 -6.825714
v -10.809204 42.826416 -6.825714
v -9.960388 -7.034271 -9.960419
v 6.312256 -42.718262 0.000000
v 6.312256 -42.718262 0.000000
v 6.312256 -42.718262 0.000000
v -0.000000 -19.296448 -4.576920
v -0.000000 -19.296448 -4.576920
v -12.563293 -13.809509 2.155502
v -12.563293 -13.809509 2.155502
v -6.443298 -19.299927 -0.000000
v 20.591675 -23.347656 7.979248
v 20.591675 -23.347656 7.979248
v 8.174500 -34.611084 9.796783
v 6.312225 -15.520935 0.000000
v 5.536987 42.824219 5.537018
v 6.516846 -12.735352 6.516815
v 6.516846 -12.735352 6.516815
v 6.516846 -12.735352 6.516815
v 9.599030 29.869141 9.599030
v 9.599030 29.869141 9.599030
v -5.318634 -12.738403 6.941925
v -9.796753 -34.611084 8.174500
v -8.178925 35.335938 11.860291
v -11.396057 -18.876221 -0.000001
v -3.545242 50.667236 -7.528748
v -18.198242 -22.859009 -0.004763
v -22.118652 -11.271851 -4.544937
v -22.881592 -22.805420 -4.723404
v -4.723404 -22.805420 22.881592
v 23.265259 -13.671265 3.196838
v 23.268921 -23.273193 4.223419
v 23.297729 -23.825195 0.058873
v 4.631454 -49.155273 0.000000
v -6.131683 -23.692627 -6.131683
v -6.131683 -1.778152 -6.131683
v -13.523132 43.625244 13.523132
v 10.168182 -7.034271 10.168182
v 9.282074 -30.519897 0.000002
v 9.282074 -30.519897 0.000002
v -4.576920 -19.296448 -0.000000
v -4.576920 -19.296448 -0.000000
v -11.767456 -30.578491 -1.647240
v -11.767456 -30.578491 -1.647240
v -11.767456 -30.578491 -1.647240
v -11.767456 -30.578491 1.647240
v -11.767456 -30.578491 1.647240
v -11.767456 -30.578491 1.647240
v 6.312225 -15.520935 5.994171
v -11.860291 1.008793 8.178925
v -9.599030 29.869141 -9.599030
v -9.599030 29.869141 -9.599030
v -5.862122 -1.548622 -9.543518
v -5.862122 -1.548622 -9.543518
v 9.599030 29.869141 -9.599030
v 9.599030 29.869141 -9.599030
v -4.576920 -8.668732 -0.000000
v -2.736526 -15.070618 8.201111
v -2.736526 -15.070618 8.201111
v -8.201111 -22.618408 -2.736526
v -8.201111 -22.618408 -2.736526
v -5.085587 50.667236 9.069061
v -8.174500 -34.611084 -9.796783
v -7.154755 -20.614197 -8.574158
v -0.000000 -18.876221 -11.396057
v -0.000000 -18.876221 -11.396057
v -8.178894 1.008793 -11.860291
v 6.589111 -23.347656 20.591675
v 6.589111 -23.347656 20.591675
v 7.977448 -23.347656 20.591675
v 7.977448 -23.347656 20.591675
v 7.702789 -1.548622 7.702789
v 5.521637 -29.294189 5.303711
v 5.521637 -29.294189 5.303711
v -9.599030 29.869141 9.599030
v -9.599030 29.869141 9.599030
v 6.523041 -2.331963 -6.523041
v 6.523041 -2.331963 -6.523041
v 6.523041 -2.331963 -6.523041
v -9.960419 -7.034271 9.960388
v -7.387817 43.437744 -11.168823
v -8.867584 -8.349426 5.086548
v -6.516846 -12.735352 -6.516846
v -6.516846 -12.735352 -6.516846
v -14.741089 43.544434 -12.265991
v 7.702789 -1.548622 -7.702789
v 8.178925 1.008793 11.860291
v -5.521637 -29.294189 -5.303711
v -5.521637 -29.294189 -5.303711
v -5.521637 -29.294189 -5.303711
v -5.521637 -29.294189 -5.303711
v -7.702789 -1.548622 7.702789
v 6.174622 -8.414368 7.790253
v 13.244019 -5.033279 -9.563019
v 8.215607 -12.735352 -4.186111
v 2.155502 -13.809509 -12.563293
v 2.155502 -13.809509 -12.563293
v 4.576920 -19.296448 0.000001
v 4.576920 -8.668732 0.000001
v -6.312256 -42.718262 -0.000000
v -6.312256 -42.718262 -0.000000
v 11.396057 -18.876221 0.000003
v 11.860291 1.008793 -8.178925
v 1.356522 -23.692627 -8.564728
v 1.647240 -30.578491 -11.767456
v 1.647240 -30.578491 -11.767456
v 1.647240 -30.578491 -11.767456
v 1.647240 -30.578491 -11.767456
v -6.312256 -42.718262 -5.994171
v -6.312256 -42.718262 -5.994171
v -6.312256 -42.718262 -5.994171
v -6.312256 -42.718262 -5.994171
v -20.591675 -23.347656 6.589111
v -20.591675 -23.347656 6.589111
v -20.591675 -23.347656 7.977448
v -20.591675 -23.347656 7.977448
v 6.311737 -3.238968 6.311707
v -0.000002 -11.418762 12.563232
v 2.736526 -22.618408 -8.201111
v 2.736526 -22.618408 -8.201111
v 0.000000 -42.696533 -9.469666
v 0.000000 -42.696533 -9.469666
v 0.000000 -29.979248 -9.469666
v 0.000000 -29.979248 -9.469666
v 0.000000 -14.135437 -9.469666
v -0.000000 -29.979248 9.469666
v -0.000000 -29.979248 9.469666
v -0.000000 -14.135437 9.469666
v -1.166698 -18.876221 11.767395
v -0.000001 -30.578735 8.201111
v -0.000001 -30.578735 8.201111
v 8.201111 -15.070618 2.736526
v 8.201111 -15.070618 2.736526
v -0.000001 -19.296448 4.576920
v -0.000001 -8.668732 4.576920
v -8.077759 -7.364746 -2.736526
v -0.000019 -14.135437 -0.000000
v -0.000000 -30.578735 -8.201111
v -0.000000 -30.578735 -8.201111
v 9.796783 -34.611084 -8.174500
v 8.574158 -20.614197 -7.154755
v -9.073090 47.845215 -9.073090
v -9.960388 -7.034271 -9.960419
v -9.960388 -7.034271 -9.960419
v -6.589111 -23.347656 -20.591675
v 6.312256 -42.718262 5.994171
v 6.312256 -42.718262 5.994171
v 6.312256 -42.718262 5.994171
v 6.312256 -42.718262 0.000000
v -0.000000 -19.296448 -4.576920
v -11.064819 43.886230 5.972565
v -6.443298 -19.299927 -0.000000
v 8.174500 -34.611084 9.796783
v 7.154755 -20.614197 8.574158
v 6.312225 -15.520935 0.000000
v -6.312225 -15.520935 -5.994171
v -6.312225 -15.520935 -5.994171
v 6.516846 -12.735352 6.516815
v -6.311707 -18.253967 -6.311737
v 9.599030 29.869141 9.599030
v 9.599030 29.869141 9.599030
v -9.796753 -34.611084 8.174500
v -11.396057 -18.876221 -0.000001
v -11.396057 -18.876221 -0.000001
v 3.914871 0.240024 2.260239
v 3.914871 0.240024 2.260239
v 2.689835 35.409668 4.636032
v 11.229370 -0.971306 1.975952
v 3.914886 0.240024 -2.260284
v 3.914886 0.240024 -2.260284
v 4.443481 30.784546 0.584976
v 4.443481 30.784546 0.584976
v -4.576920 -8.668732 -0.000000
v -4.576920 -8.668732 -0.000000
v -11.767456 -0.971306 -0.000001
v -0.000000 -18.876221 -11.396057
v 3.258591 -23.692627 -3.258591
v 3.258591 -23.692627 -3.258591
v -2.981232 26.095093 3.808517
v -2.981232 26.095093 3.808517
v -2.981232 26.095093 3.808517
v -2.981232 26.095093 3.808517
v -2.981232 26.095093 3.808517
v -2.981232 26.095093 3.808517
v -2.981232 26.095093 3.808517
v 6.311737 -18.253967 -6.311737
v 6.311737 -18.253967 -6.311737
v -2.260223 0.240024 3.914841
v -2.260223 0.240024 3.914841
v -0.352125 23.627563 -3.574417
v -0.352125 23.627563 -3.574417
v -0.352125 23.627563 -3.574417
v -2.728363 30.784546 3.555649
v 8.564728 -23.692627 1.356491
v 3.271576 23.627563 1.482246
v 3.271576 23.627563 1.482246
v 3.271576 23.627563 1.482246
v 3.271576 23.627563 1.482246
v 3.765198 35.409668 -3.765198
v 3.765198 35.409668 -3.765198
v 3.765198 35.409668 -3.765198
v 4.520523 27.209717 -0.000031
v 4.520523 27.209717 -0.000031
v 4.520523 27.209717 -0.000031
v 0.352131 23.627563 3.574387
v 0.352131 23.627563 3.574387
v 0.352131 23.627563 3.574387
v -0.584988 30.784546 -4.443497
v 0.584993 30.784546 4.443466
v 6.131683 -23.692627 6.131653
v -2.260246 34.626831 -3.914871
v -2.260246 34.626831 -3.914871
v -2.260246 34.626831 -3.914871
v -2.260246 34.626831 -3.914871
v -2.260246 34.626831 -3.914871
v 2.260254 27.209717 3.914841
v 2.260254 27.209717 3.914841
v 2.260254 27.209717 3.914841
v 2.260254 27.209717 3.914841
v 1.715126 30.784546 4.140640
v -2.736526 -15.070618 -8.201111
v -1.647240 -7.859802 -11.767395
v -1.647240 -7.859802 -11.767395
v -2.663727 -6.729187 -4.613724
v -2.663727 -6.729187 -4.613724
v -2.663727 -6.729187 -4.613724
v 4.576920 -8.668732 0.000001
v 11.396057 -18.876221 0.000003
v -3.914856 27.209717 -2.260269
v -3.914856 27.209717 -2.260269
v -3.914856 27.209717 -2.260269
v -3.914856 27.209717 -2.260269
v -4.613708 -0.331282 -2.663742
v -4.613708 -0.331282 -2.663742
v 4.486099 26.095093 1.807655
v 4.486099 26.095093 1.807655
v 1.356522 -23.692627 -8.564728
v 3.555664 30.784546 -2.728378
v 0.117332 26.505249 -3.629349
v 0.117332 26.505249 -3.629349
v 0.117332 26.505249 -3.629349
v 0.117332 26.505249 -3.629349
v -5.168243 35.409668 1.352699
v -5.168243 35.409668 1.352699
v -5.168243 35.409668 1.352699
v 4.140656 30.784546 1.715111
v 4.140656 30.784546 1.715111
v -1.694435 36.067017 2.974258
v -1.694435 36.067017 2.974258
v -1.694435 36.067017 2.974258
v 0.000000 -7.364746 -8.077759
v 3.767075 -6.729187 3.767059
v 3.767075 -6.729187 3.767059
v -12.563293 -13.809509 2.155502
v -2.663742 -6.729187 4.613708
v -2.663742 -6.729187 4.613708
v -4.486099 26.095093 -1.807678
v -4.788895 26.095093 -0.677582
v -4.788895 26.095093 -0.677582
v -4.788895 26.095093 -0.677582
v -12.563293 -7.619904 -0.000001
v -12.563293 -7.619904 -0.000001
v 2.736526 -2.294067 -8.596893
v 6.516846 -12.735352 6.516815
v -6.311707 -18.253967 -6.311737
v -4.443481 30.784546 -0.585005
v -3.555664 30.784546 2.728348
v 22.149902 -11.319641 -0.097266
v 22.118652 -11.271851 4.544937
v 18.198242 -22.859009 0.004763
v -6.131683 -23.692627 -6.131683
v 11.229370 -0.971306 1.975952
v 11.229370 -0.971306 1.975952
v -0.000001 -2.294067 8.596893
v -0.000001 -2.294067 8.596893
v -2.736526 -15.070618 8.201111
v -2.736526 -15.070618 8.201111
v -11.767456 -0.971306 -0.000001
v -0.000000 -18.876221 -11.396057
v -4.186081 -12.735352 8.215576
v -4.186081 -12.735352 8.215576
v 6.131683 -23.692627 6.131653
v 2.155502 -13.809509 -12.563293
v 2.155502 -13.809509 -12.563293
v -1.647240 -7.859802 -11.767395
v -1.647240 -7.859802 -11.767395
v 4.576920 -8.668732 0.000001
v 11.396057 -18.876221 0.000003
v -8.816193 -16.871155 -1.396362
v -0.000002 -6.253571 12.563232
v -0.000002 -6.253571 12.563232
v -0.000002 -6.253571 12.563232
v -0.000002 -11.418762 12.563232
v 8.201111 -15.070618 2.736526
v 8.201111 -15.070618 2.736526
v 1.647240 -3.469620 11.767395
v -8.077759 -7.364746 -2.736526
v 11.767456 -7.859802 0.000003
v 0.000000 -7.364746 -8.077759
v -12.563293 -13.809509 2.155502
v -12.563293 -7.619904 -0.000001
v -12.563293 -7.619904 -0.000001
v 2.736526 -2.294067 -8.596893
v 6.516846 -12.735352 6.516815
v -6.311707 -18.253967 -6.311737
v -11.396057 -18.876221 -0.000001
v -4.739304 -11.385254 -22.126953
v 4.544937 -11.271851 -22.118652
v 0.075565 -22.858154 -18.198181
v -13.502380 -5.374664 6.589111
v -14.862610 -4.571106 7.691223
v -14.741882 -3.027908 -12.265564
v 6.557587 -21.545166 -16.940430
v 20.591675 -15.849670 6.590912
v -6.627106 -12.290710 -20.810242
v 13.963440 49.925781 0.000893
v -13.963440 49.390137 4.117233
v 14.862610 48.375488 3.324570
v 14.862610 49.390137 4.119019
v 4.520523 27.209717 -0.000031
v 3.914886 0.240024 -2.260284
v 3.914886 0.240024 -2.260284
v 2.981247 23.627563 -3.808563
v 2.981247 23.627563 -3.808563
v 8.564728 -23.692627 1.356491
v 6.590912 -23.347656 -20.591675
v 21.847534 -12.268555 -0.080436
v 4.119019 49.390137 -13.963440
v 4.119019 49.390137 -13.963440
v -7.979248 -4.298752 15.323608
v -6.590912 -5.374664 13.502380
v -17.028992 -21.680542 6.591553
v 17.400574 36.938843 2.576485
v -20.722168 -12.156067 -6.450745
v -21.915771 -21.691528 -0.017032
v 3.271576 23.627563 1.482246
v 4.520523 27.209717 -0.000031
v 2.260254 27.209717 3.914841
v 4.486099 26.095093 1.807655
v 18.770447 -16.925598 7.979248
v -6.557587 -21.545166 16.940430
v 6.589111 -15.849670 20.591675
v -6.590912 -15.849670 20.591675
v -13.963440 49.925781 -0.000893
v -13.963440 49.390137 -4.119019
v -13.963440 48.910645 -0.000893
v 21.961792 -21.720581 -5.252411
v 21.961792 -21.720581 -5.252411
v -11.860291 35.335938 8.178925
v -0.000000 -48.438965 7.326752
v -0.000000 -48.438965 7.326752
v 6.312225 -26.351929 0.000000
v 6.312225 -26.351929 0.000000
v 16.495789 -21.637085 -0.020031
v -2.576485 36.938843 17.400574
v 2.689835 35.409668 4.636032
v 2.689835 35.409668 4.636032
v 2.689835 35.409668 4.636032
v 5.347198 26.095093 1.736420
v 5.347198 26.095093 1.736420
v 3.765198 35.409668 -3.765198
v 5.168259 35.409668 1.404938
v 4.576920 -8.668732 0.000001
v 11.767456 -7.859802 0.000003
v 2.728363 30.784546 -3.555679
v 2.728363 30.784546 -3.555679
v -1.715126 30.784546 -4.140671
v 4.739304 -11.385254 22.126953
v -0.004763 -22.859009 18.198242
v -4.544937 -11.271851 22.118652
v 11.831909 -0.307245 14.513794
v 8.215607 -12.735352 -4.186111
v 13.506775 35.356445 13.506714
v 13.523132 43.625244 13.523132
v -0.000002 -11.418762 12.563232
v -4.739304 -11.385254 -22.126953
v 4.544937 -11.271851 -22.118652
v 4.544937 -11.271851 -22.118652
v 6.589111 -15.849670 20.591675
v -6.590912 -15.849670 20.591675
v -17.028992 -21.680542 6.591553
v 4.106049 -4.320023 -2.092186
v -20.591675 -15.849670 -7.979248
v 11.860291 35.335938 -8.178925
v -8.178925 35.335938 11.860291
v -7.136383 40.994385 7.136353
v -7.136383 40.994385 7.136353
v 6.131683 -23.692627 6.131653
v -6.523010 -23.138794 6.523010
v 0.117332 26.505249 -3.629349
v 6.311737 -3.238968 6.311707
v 9.599030 29.869141 -9.599030
v -8.867554 -8.349426 -5.086563
v 8.083099 49.883545 2.990891
v 11.095581 47.123047 11.095581
v 8.178925 1.008793 -11.860291
v -10.809204 42.826416 -6.825714
v 5.536987 42.824219 5.537018
v 6.941925 -12.738403 5.318634
v -11.860291 1.008793 -8.178925
v 7.702789 -1.548622 -7.702789
v -11.860291 35.335938 -8.178925
v 6.590912 -23.347656 -20.591675
v 8.178925 35.335938 11.860291
v 11.095581 47.123047 -11.095581
v -8.178894 35.335938 -11.860291
v -8.178894 35.335938 -11.860291
v -11.860291 1.008793 8.178925
v -5.862122 -1.548622 -9.543518
v -8.178894 1.008793 -11.860291
v -8.178894 1.008793 -11.860291
v 9.634979 42.822998 -7.071564
v -9.599030 29.869141 9.599030
v -7.387817 43.437744 -11.168823
v 6.174622 -8.414368 7.790253
v 5.085587 50.667236 -9.069061
v 4.301575 49.883545 9.393799
v 7.528748 50.667236 -3.545242
v 5.536987 42.824219 5.537018
v 7.977448 -5.374664 13.502380
v 7.977448 -4.298752 15.323608
v 5.536987 42.824219 5.537018
v 5.536987 42.824219 5.537018
v -4.634628 -22.919678 -22.889893
v 4.723404 -22.805420 -22.881592
v 0.075565 -22.858154 -18.198181
v 7.979248 -4.298752 -15.323608
v 7.977448 -4.298752 15.323608
v -0.603809 36.299072 -18.376587
v -7.979248 -5.374664 13.502380
v -6.590912 -5.374664 13.502380
v -6.589111 -5.374664 -13.502380
v -7.977448 -5.374664 -13.502380
v -2.576485 36.938843 17.400574
v -17.400574 36.938843 -2.576485
v -3.309387 30.784546 3.724152
v -3.309387 30.784546 3.724152
v -3.309387 30.784546 3.724152
v -5.499023 29.682617 -1.169830
v -5.499023 29.682617 -1.169830
v -3.914856 27.209717 -2.260269
v -4.613708 -0.331282 -2.663742
v 6.589111 -23.347656 20.591675
v 6.833130 -30.627686 19.014465
v 6.589111 -23.347656 18.770447
v 6.834900 -30.627686 -19.014465
v 18.770447 -23.347656 -6.589111
v -6.589111 -23.347656 -18.770447
v 10.168182 -7.034271 10.168182
v -18.770447 -16.925598 -7.979248
v 6.312225 -15.520935 5.994171
v 5.521637 -29.294189 5.303711
v 5.521637 -29.294189 5.303711
v 1.211239 -30.925659 9.059814
v 0.000000 -7.364746 -8.077759
v -1.211239 -20.558838 13.996277
v 6.312256 -42.718262 5.994171
v 6.312256 -42.718262 0.000000
v 6.312256 -42.718262 0.000000
v -0.000000 -19.296448 -4.576920
v -2.708908 -32.659058 14.375305
v 20.591675 -23.347656 -6.589111
v 4.739304 -11.385254 22.126953
v 4.634628 -22.919678 22.889893
v -0.075565 -22.858154 18.198181
v 22.881592 -22.805420 4.723404
v 22.889893 -22.919678 -4.634628
v -11.767456 -30.578491 1.647240
v -11.767456 -30.578491 1.647240
v 6.941925 -12.738403 5.318634
v 4.106049 -4.320023 -2.092186
v 4.106049 -4.320023 -2.092186
v -0.004763 -22.859009 18.198242
v -4.723404 -22.805420 22.881592
v -4.544937 -11.271851 22.118652
v 22.881592 -22.805420 4.723404
v -6.523010 -23.138794 6.523010
v -6.523010 -23.138794 6.523010
v -18.198181 -22.858154 -0.075565
v -22.118652 -11.271851 -4.544937
v -22.126953 -11.385254 4.739304
v 2.689835 35.409668 4.636032
v 12.563293 -13.809509 -2.155502
v -5.168243 35.409668 1.352699
v 1.736435 26.095093 5.347168
v 1.736435 26.095093 5.347168
v 11.767456 -7.859802 0.000003
v 17.400574 36.938843 2.576485
v 1.715126 30.784546 4.140640
v 14.862610 49.390137 -4.117233
v -1.356499 -1.778152 8.564697
v -13.963440 49.390137 4.117233
v 13.551331 -0.757900 -13.551331
v 13.506714 35.356445 -13.506775
v 13.506714 35.356445 -13.506775
v -8.178925 1.008793 11.860291
v -7.702789 -1.548622 7.702789
v 9.563019 -5.033279 13.244019
v 21.847534 -12.268555 -0.080436
v 16.940430 -21.545166 6.557587
v -0.058873 -23.825195 23.297729
v 2.689835 35.409668 4.636032
v 3.765198 35.409668 -3.765198
v 5.168259 35.409668 1.404938
v -0.058873 -23.825195 23.297729
v -8.174500 -34.611084 -9.796783
v -2.092148 -4.320023 -4.106064
v -2.981232 26.095093 3.808517
v -2.260223 0.240024 3.914841
v -4.486099 23.627563 -1.807678
v -4.486099 23.627563 -1.807678
v -3.322784 48.375488 -14.862610
v -3.322556 48.375488 -13.963440
v 0.000893 48.910645 -13.963440
v 4.117233 49.390137 14.862610
v -0.000019 -14.135437 -0.000000
v -0.000019 -14.135437 -0.000000
v -0.000893 49.925781 13.963440
v -16.495789 -21.637085 0.020031
v -21.915771 -21.691528 -0.017032
v -2.260246 34.626831 -3.914871
v -4.443481 30.784546 -0.585005
v 16.495789 -21.637085 -0.020031
v -21.915771 -21.691528 -0.017032
v 5.318634 -12.738403 -6.941925
v 13.244019 -5.033279 -9.563019
v -21.847534 -12.268555 0.080436
v -9.960388 -7.034271 -9.960419
v -9.960388 -7.034271 -9.960419
v 20.722168 -12.156067 6.450745
v 21.915771 -21.691528 0.017032
v -16.495789 -21.637085 0.020031
v -13.963440 48.910645 -0.000893
v 14.862610 49.390137 -4.117233
v -14.862610 48.375488 3.322784
v -3.324570 48.375488 14.862610
v -0.017032 -21.691528 21.915771
v 4.106049 -4.320023 -2.092186
v -22.118652 -11.271851 -4.544937
v -22.118652 -11.271851 -4.544937
v -22.126953 -11.385254 4.739304
v -20.810242 -12.290710 6.627106
v 7.979248 -5.374664 -13.502380
v 7.979248 -4.298752 -15.323608
v -0.584988 30.784546 -4.443497
v -1.715126 30.784546 -4.140671
v 17.400574 36.938843 2.576485
v 12.563293 -13.809509 -2.155502
v 4.177383 25.140259 -3.762619
v 4.177383 25.140259 -3.762619
v 13.551331 -0.757900 -13.551331
v 13.506714 35.356445 -13.506775
v -3.914856 27.209717 -2.260269
v -4.613708 -0.331282 -2.663742
v -4.613708 -0.331282 -2.663742
v 14.862610 48.375488 3.324570
v 14.862610 48.375488 3.324570
v 14.862610 49.390137 4.119019
v 7.979248 -16.925598 -18.770447
v 3.914871 0.240024 2.260239
v 2.260254 27.209717 3.914841
v -7.977448 -15.849670 -20.591675
v 7.979248 -15.849670 -20.591675
v -14.161011 -5.859619 6.865204
v -14.161011 -5.859619 -6.998016
v -15.195312 -6.977478 -6.998016
v -5.862122 -1.548622 -9.543518
v -6.941925 -12.738403 -5.318634
v -7.977448 -5.374664 -13.502380
v -6.589111 -4.298752 -15.323608
v -5.141922 -48.747314 -0.000000
v -5.141922 -48.747314 -0.000000
v -5.141922 -48.747314 -0.000000
v 16.495789 -21.637085 -0.020031
v -4.486099 23.627563 -1.807678
v 11.831909 -0.307245 14.513794
v 11.831909 -0.307245 14.513794
v -4.186081 -12.735352 8.215576
v 13.506775 35.356445 13.506714
v 13.523132 43.625244 13.523132
v -2.092155 -4.320023 4.106033
v 17.028992 -21.680542 -6.591553
v -3.322784 48.375488 -14.862610
v -18.376587 36.299072 0.603809
v -4.186081 -12.735352 8.215576
v 4.186111 -12.735352 -8.215637
v 4.186111 -12.735352 -8.215637
v 0.584993 30.784546 4.443466
v 0.584993 30.784546 4.443466
v -1.715126 30.784546 -4.140671
v -6.590912 -23.347656 20.591675
v 6.589111 -23.347656 18.770447
v -6.834900 -30.627686 19.287720
v -18.770447 -23.347656 -6.590912
v -6.590912 -23.347656 18.770447
v -6.590912 -23.347656 18.770447
v -9.796753 -34.611084 8.174500
v 22.149902 -11.319641 -0.097266
v 22.149902 -11.319641 -0.097266
v 17.400574 36.938843 2.576485
v 4.634628 -22.919678 22.889893
v -0.075565 -22.858154 18.198181
v -4.723404 -22.805420 22.881592
v -21.847534 -12.268555 0.080436
v -8.077759 -7.364746 -2.736526
v -12.563293 -7.619904 -0.000001
v 6.589111 -5.374664 13.502380
v 7.977448 -4.298752 15.323608
v 3.322556 48.375488 13.963440
v -3.289276 -13.757751 -16.378723
v -0.064758 -13.704834 -23.287231
v 0.058873 -23.825195 -23.297729
v 11.860291 35.335938 8.178925
v 4.631454 -49.155273 0.000000
v 4.631454 -49.155273 0.000000
v 4.631454 -49.155273 0.000000
v 13.244019 -5.033279 -9.563019
v -17.400574 36.938843 -2.576485
v -2.981232 26.095093 3.808517
v -2.260223 0.240024 3.914841
v -2.260223 0.240024 3.914841
v 0.352131 23.627563 3.574387
v 0.352131 23.627563 3.574387
v 4.117233 49.390137 14.862610
v -4.119019 49.390137 14.862610
v 4.119019 49.390137 -13.963440
v 0.000893 49.925781 -13.963440
v 0.000893 48.910645 -13.963440
v 4.117233 49.390137 14.862610
v -6.312225 -15.520935 5.994171
v -0.000019 -14.135437 -0.000000
v -18.198181 -22.858154 -0.075565
v -22.126953 -11.385254 4.739304
v -22.889893 -22.919678 4.634628
v 4.634628 -22.919678 22.889893
v -4.723404 -22.805420 22.881592
v -0.584988 30.784546 -4.443497
v -0.584988 30.784546 -4.443497
v 1.715126 30.784546 4.140640
v -4.486099 23.627563 -1.807678
v -4.486099 23.627563 -1.807678
v -4.486099 23.627563 -1.807678
v -4.486099 26.095093 -1.807678
v -10.809204 42.826416 -6.825714
v 3.914871 0.240024 2.260239
v 3.271576 23.627563 1.482246
v 2.260254 27.209717 3.914841
v -7.154755 -20.614197 -8.574158
v -10.809204 42.826416 -6.825714
v -16.495789 -21.637085 0.020031
v -21.847534 -12.268555 0.080436
v 7.977448 -23.347656 20.591675
v 3.258591 -23.692627 -3.258591
v -2.092148 -4.320023 -4.106064
v 2.981247 23.627563 -3.808563
v 2.981247 23.627563 -3.808563
v 4.140656 30.784546 1.715111
v 4.140656 30.784546 1.715111
v 2.728363 30.784546 -3.555679
v 2.728363 30.784546 -3.555679
v -4.443481 30.784546 -0.585005
v -0.000001 -2.294067 8.596893
v -13.963440 48.910645 -0.000893
v 14.862610 49.390137 -4.117233
v 2.736526 -10.998779 8.815491
v 2.736526 -10.998779 8.815491
v -13.963440 48.375488 -3.324341
v -14.862610 48.375488 -3.324570
v 0.000000 -14.135437 -9.469666
v 1.647240 -3.469620 11.767395
v 13.963440 49.925781 0.000893
v -0.080436 -12.268555 -21.847534
v 6.589111 -23.347656 18.770447
v -19.014465 -30.627686 6.833130
v -20.591675 -23.347656 6.589111
v -18.198181 -22.858154 -0.075565
v -22.881592 -22.805420 -4.723404
v -22.889893 -22.919678 4.634628
v -0.000001 -2.294067 8.596893
v 19.287720 -30.627686 6.834900
v 6.834900 -30.627686 -19.014465
v 18.770447 -23.347656 6.590912
v -19.014465 -30.627686 -6.834900
v -18.770447 -23.347656 -6.590912
v -18.770447 -23.347656 -6.590912
v -20.591675 -23.347656 -6.590912
v -0.000001 -8.668732 4.576920
v 20.591675 -23.347656 7.979248
v -13.963440 48.910645 -0.000893
v 6.589111 -5.374664 13.502380
v 7.977448 -5.374664 13.502380
v -0.000000 -14.135437 9.469666
v 0.020031 -21.637085 16.495789
v -7.979248 -4.298752 15.323608
v -6.590912 -5.374664 13.502380
v 6.589111 -23.347656 20.591675
v -6.443298 -19.299927 -0.000000
v -3.324341 48.375488 13.963440
v -3.322784 48.375488 -14.862610
v -3.324570 48.375488 14.862610
v 0.000893 49.925781 -13.963440
v 4.117233 49.390137 14.862610
v 4.117233 49.390137 14.862610
v 3.322784 48.375488 14.862610
v 3.322556 48.375488 13.963440
v -0.000893 48.910645 13.963440
v -0.000893 48.910645 13.963440
v -11.396057 -18.876221 -0.000001
v -11.860291 1.008793 8.178925
v 7.702789 -1.548622 7.702789
v -8.867584 -8.349426 5.086548
v -6.516846 -12.735352 -6.516846
v 8.178925 1.008793 11.860291
v 8.178925 1.008793 11.860291
v -7.702789 -1.548622 7.702789
v -11.860291 35.335938 8.178925
v 7.528748 50.667236 -3.545242
v -11.064819 43.886230 5.972565
v -6.311707 -18.253967 -6.311737
v 9.599030 29.869141 9.599030
v -3.545242 50.667236 -7.528748
v 3.258591 -23.692627 -3.258591
v 9.634979 42.822998 -7.071564
v -7.387817 43.437744 -11.168823
v 5.537018 42.824219 -5.536987
v -9.073090 47.845215 -9.073090
v -14.161011 -5.859619 6.865204
v -14.161011 -5.859619 -6.998016
v -14.669739 -5.711670 6.865204
v -14.669739 -5.711670 -6.998016
v -13.963440 49.925781 -0.000893
v 18.770447 -23.347656 6.590912
v -2.736526 -15.070618 -8.201111
v -1.647240 -7.859802 -11.767395
v -14.862610 48.375488 3.322784
v -0.000000 -14.135437 9.469666
v 0.000000 -7.364746 -8.077759
v 0.080436 -12.268555 21.847534
v 6.627106 -12.290710 20.810242
v -0.020031 -21.637085 -16.495789
v -6.591553 -21.680542 -17.028992
v 4.631454 -49.155273 0.000000
v -0.000001 -2.294067 8.596893
v -2.736526 -15.070618 8.201111
v -13.963440 49.925781 -0.000893
v 14.862610 49.390137 -4.117233
v -5.141922 -48.747314 -0.000000
v 19.014465 -30.627686 -6.833130
v -19.014465 -30.627686 6.833130
v 18.770447 -23.347656 -6.589111
v 18.770447 -23.347656 -6.589111
v -0.000000 -48.438965 7.326752
v -20.591675 -23.347656 7.977448
v -14.862610 48.375488 3.322784
v 0.000000 -14.135437 -9.469666
v -0.000001 -8.668732 4.576920
v -18.770447 -16.925598 6.589111
v 14.862610 48.375488 3.324570
v 14.862610 48.375488 3.324570
v -6.589111 -23.347656 -18.770447
v 20.591675 -23.347656 -6.589111
v 20.591675 -23.347656 -6.589111
v 18.174927 -22.924438 -4.609329
v 22.881592 -22.805420 4.723404
v 22.889893 -22.919678 -4.634628
v 0.017032 -21.691528 -21.915771
v 0.017032 -21.691528 -21.915771
v -0.020031 -21.637085 -16.495789
v 6.450745 -12.156067 -20.722168
v 6.557587 -21.545166 -16.940430
v 6.557587 -21.545166 -16.940430
v -0.080436 -12.268555 -21.847534
v -7.979248 -16.925598 18.770447
v 19.287720 -30.627686 6.834900
v 18.770447 -23.347656 6.590912
v -19.014465 -30.627686 -6.834900
v -18.770447 -23.347656 -6.590912
v -18.770447 -23.347656 -6.590912
v 20.591675 -23.347656 6.590912
v -7.979248 -5.374664 13.502380
v -6.590912 -5.374664 13.502380
v -20.591675 -15.849670 -7.979248
v -6.590912 -23.347656 18.770447
v -23.287231 -13.704834 0.064758
v -15.926331 -15.218628 -3.744431
v -23.297729 -23.825195 -0.058873
v -17.028992 -21.680542 6.591553
v -21.961792 -21.720581 5.252411
v -0.017032 -21.691528 21.915771
v 5.252411 -21.720581 21.961792
v 5.252411 -21.720581 21.961792
v 6.591553 -21.680542 17.028992
v 0.020031 -21.637085 16.495789
v 0.080436 -12.268555 21.847534
v 6.627106 -12.290710 20.810242
v -0.603809 36.299072 -18.376587
v -6.589111 -5.374664 -13.502380
v -7.977448 -5.374664 -13.502380
v -23.287231 -13.704834 0.064758
v -16.378723 -13.757751 3.289276
v -23.297729 -23.825195 -0.058873
v -16.940430 -21.545166 -6.557587
v -21.915771 -21.691528 -0.017032
v -6.557587 -21.545166 16.940430
v 0.020031 -21.637085 16.495789
v -13.502380 -5.374664 -7.979248
v -13.502380 -5.374664 -6.590912
v -6.834900 -30.627686 19.287720
v 6.833130 -30.627686 19.014465
v -7.977448 -5.374664 -13.502380
v 7.979248 -5.374664 -13.502380
v 7.979248 -4.298752 -15.323608
v -3.324570 48.375488 14.862610
v -3.324570 48.375488 14.862610
v -7.979248 -4.298752 15.323608
v -3.322784 48.375488 -14.862610
v 0.000893 49.925781 -13.963440
v -7.977448 -5.374664 -13.502380
v -6.589111 -4.298752 -15.323608
v 6.590912 -5.374664 -13.502380
v 7.979248 -5.374664 -13.502380
v 3.324341 48.375488 -13.963440
v 6.589111 -5.374664 13.502380
v 7.977448 -5.374664 13.502380
v 3.322556 48.375488 13.963440
v -9.599030 29.869141 -9.599030
v -11.860291 1.008793 -8.178925
v 6.523041 -2.331963 -6.523041
v -7.136383 40.994385 7.136353
v -7.136383 40.994385 7.136353
v 4.177383 25.140259 -3.762619
v 0.117332 26.505249 -3.629349
v -5.318634 -12.738403 6.941925
v -11.477234 47.464355 -11.477295
v -13.262878 45.072021 -15.067810
v -13.262878 45.072021 -15.067810
v -15.050903 45.144043 -13.246033
v -15.050903 45.144043 -13.246033
v -8.178925 1.008793 11.860291
v -6.516846 -12.735352 -6.516846
v 4.520523 27.209717 -0.000031
v 2.728363 30.784546 -3.555679
v -5.862122 -1.548622 9.543518
v -8.178925 35.335938 11.860291
v -8.178925 35.335938 11.860291
v -14.343262 37.453125 -14.343262
v -14.343262 37.453125 -14.343262
v -13.262878 45.072021 -15.067810
v -11.860291 35.335938 8.178925
v -11.477234 47.464355 -11.477295
v -22.881592 -22.805420 -4.723404
v -22.889893 -22.919678 4.634628
v 4.443481 30.784546 0.584976
v 4.140656 30.784546 1.715111
v -21.961792 -21.720581 5.252411
v -15.323608 -4.298752 -7.979248
v -13.502380 -5.374664 -6.590912
v -13.963440 48.375488 -3.324341
v -14.862610 48.375488 -3.324570
v -0.020031 -21.637085 -16.495789
v 15.323608 -4.298752 7.979248
v 13.502380 -5.374664 7.979248
v -0.000002 -6.253571 12.563232
v 23.265259 -13.671265 3.196838
v 23.268921 -23.273193 4.223419
v 15.926331 -15.218628 3.744431
v 0.017032 -21.691528 -21.915771
v 0.017032 -21.691528 -21.915771
v -0.020031 -21.637085 -16.495789
v -6.591553 -21.680542 -17.028992
v -6.627106 -12.290710 -20.810242
v -0.080436 -12.268555 -21.847534
v 4.576920 -8.668732 0.000001
v 2.576485 36.938843 -17.400574
v 13.502380 -5.374664 -6.589111
v 14.862610 -4.571106 -7.691223
v -5.521637 -29.294189 5.303711
v 21.915771 -21.691528 0.017032
v -3.555664 30.784546 2.728348
v -3.555664 30.784546 2.728348
v 20.591675 -15.849670 6.590912
v 20.591675 -15.849670 -7.977448
v -20.591675 -15.849670 -7.979248
v -20.591675 -15.849670 -7.979248
v -20.591675 -15.849670 7.977448
v 6.627106 -12.290710 20.810242
v -3.324341 48.375488 13.963440
v -7.979248 -5.374664 13.502380
v -7.979248 -4.298752 15.323608
v 1.356522 -23.692627 -8.564728
v -4.576920 -8.668732 -0.000000
v -8.077759 -7.364746 -2.736526
v 13.502380 -5.374664 -6.589111
v 14.862610 -4.571106 -7.691223
v 14.862610 48.375488 -3.322784
v 14.862610 48.375488 -3.322784
v 13.963440 49.925781 0.000893
v 13.963440 49.925781 0.000893
v -13.502380 -5.374664 7.977448
v -14.862610 -4.571106 7.691223
v -13.963440 49.390137 4.117233
v -13.963440 49.390137 4.117233
v -9.960419 -7.034271 9.960388
v 20.591675 -15.849670 -7.977448
v 6.589111 -23.347656 18.770447
v 20.810242 -12.290710 -6.627106
v -20.591675 -15.849670 -7.979248
v -20.591675 -15.849670 6.589111
v -7.136383 40.994385 7.136353
v -11.064819 43.886230 5.972565
v -7.979248 -16.925598 18.770447
v 18.770447 -23.347656 6.590912
v 6.590912 -5.374664 -13.502380
v 7.979248 -5.374664 -13.502380
v 7.979248 -16.925598 -18.770447
v 20.591675 -23.347656 7.979248
v 17.028992 -21.680542 -6.591553
v 21.961792 -21.720581 -5.252411
v 19.014465 -30.627686 -6.833130
v 18.770447 -23.347656 -6.589111
v 6.557587 -21.545166 -16.940430
v -20.591675 -23.347656 -6.590912
v -0.603809 36.299072 -18.376587
v -6.627106 -12.290710 -20.810242
v -20.591675 -23.347656 6.589111
v -6.557587 -21.545166 16.940430
v -2.576485 36.938843 17.400574
v -5.168243 35.409668 1.352699
v -20.591675 -15.849670 6.589111
v -20.591675 -15.849670 7.977448
v -1.694435 36.067017 2.974258
v 19.287720 -30.627686 6.834900
v 19.014465 -30.627686 -6.833130
v -18.770447 -16.925598 6.589111
v -18.770447 -16.925598 6.589111
v -16.940430 -21.545166 -6.557587
v -8.178894 35.335938 -11.860291
v 20.591675 -15.849670 -7.977448
v -11.860291 35.335938 -8.178925
v 6.941925 -12.738403 5.318634
v 6.174622 -8.414368 7.790253
v 11.860291 35.335938 8.178925
v 8.178925 35.335938 11.860291
v 21.915771 -21.691528 0.017032
v -14.741089 43.544434 -12.265991
v -14.741089 43.544434 -12.265991
v -14.741882 -3.027908 -12.265564
v -14.741882 -3.027908 -12.265564
v 9.282074 -30.519897 0.000002
v -4.576920 -19.296448 -0.000000
v -4.576920 -8.668732 -0.000000
v -8.174500 -34.611084 -9.796783
v 11.767456 -30.578491 -1.647240
v -6.590912 -23.347656 20.591675
v -6.590912 -23.347656 20.591675
v -6.941925 -12.738403 -5.318634
v 6.523041 -2.331963 -6.523041
v -7.979248 -23.347656 20.591675
v -7.979248 -23.347656 20.591675
v 11.396057 -18.876221 0.000003
v -2.092148 -4.320023 -4.106064
v -3.147766 -13.679138 16.372986
v -0.058873 -23.825195 23.297729
v 0.064758 -13.704834 23.287231
v 4.723404 -22.805420 -22.881592
v 4.544937 -11.271851 -22.118652
v 0.004763 -22.859009 -18.198242
v 4.186111 -12.735352 -8.215637
v 4.186111 -12.735352 -8.215637
v -4.634628 -22.919678 -22.889893
v 4.723404 -22.805420 -22.881592
v 4.631454 -49.155273 0.000000
v -5.141922 -48.747314 -0.000000
v 0.000000 -52.570557 -2.161324
v 17.321350 -23.832031 0.009007
v 4.443481 30.784546 0.584976
v -3.309387 30.784546 3.724152
v 5.086563 -8.349426 -8.867554
v -6.516846 -12.735352 -6.516846
v 11.860291 1.008793 8.178925
v -6.523010 -2.331963 6.523010
v 5.085587 50.667236 -9.069061
v -6.311707 -18.253967 -6.311737
v 9.599030 29.869141 9.599030
v 7.702789 -1.548622 -7.702789
v 8.178925 35.335938 -11.860291
v 8.178925 35.335938 -11.860291
v 8.178925 1.008793 -11.860291
v 8.178925 1.008793 -11.860291
v 11.095581 47.123047 -11.095581
v 11.095581 47.123047 -11.095581
v 16.940430 -21.545166 6.557587
v 21.915771 -21.691528 0.017032
v 14.862610 49.390137 4.119019
v 14.862610 49.390137 4.119019
v -13.502380 -5.374664 6.589111
v -13.963440 48.375488 3.322556
v -13.963440 48.375488 3.322556
v -14.862610 -4.571106 7.691223
v -14.862610 48.375488 3.322784
v -14.862610 48.375488 3.322784
v 13.502380 -5.374664 -7.977448
v 14.862610 -4.571106 -7.691223
v -0.017032 -21.691528 21.915771
v -2.576485 36.938843 17.400574
v 6.591553 -21.680542 17.028992
v 0.020031 -21.637085 16.495789
v 11.860291 35.335938 -8.178925
v -6.589111 -5.374664 -13.502380
v -6.589111 -4.298752 -15.323608
v 11.095581 47.123047 11.095581
v -6.523010 -23.138794 6.523010
v -7.528748 50.667236 3.545258
v -9.599030 29.869141 -9.599030
v -8.178894 1.008793 -11.860291
v 9.634979 42.822998 -7.071564
v -8.867584 -8.349426 5.086548
v 8.083099 49.883545 2.990891
v 7.702789 -1.548622 -7.702789
v 8.178925 35.335938 11.860291
v -7.136383 40.994385 7.136353
v 11.860291 35.335938 -8.178925
v 11.860291 1.008793 -8.178925
v 4.301575 49.883545 9.393799
v 11.095581 47.123047 -11.095581
v -11.064819 43.886230 5.972565
v -11.477234 47.464355 -11.477295
v -14.343262 37.453125 -14.343262
v -15.050903 45.144043 -13.246033
v -13.509521 -3.105118 13.509460
v -1.166698 -18.876221 11.767395
v -0.000001 -30.578735 8.201111
v 6.591553 -21.680542 17.028992
v 21.847534 -12.268555 -0.080436
v 8.178925 35.335938 -11.860291
v 13.244019 -5.033279 -9.563019
v 13.244019 -5.033279 -9.563019
v -2.092155 -4.320023 4.106033
v -18.376587 36.299072 0.603809
v -5.499023 29.682617 -1.169830
v 8.201111 -15.070618 -2.736526
v -20.722168 -12.156067 -6.450745
v -6.833130 -30.627686 -19.014465
v 15.323608 -4.298752 7.979248
v 13.963440 48.375488 3.324341
v 14.862610 48.375488 3.324570
v 13.502380 -5.374664 6.590912
v 23.268921 -23.273193 4.223419
v 23.297729 -23.825195 0.058873
v 17.321350 -23.832031 0.009007
v -13.963440 49.390137 -4.119019
v -13.963440 49.390137 -4.119019
v -15.323608 -4.298752 -7.979248
v -13.502380 -5.374664 -7.979248
v -14.862610 48.375488 -3.324570
v -14.862610 48.375488 -3.324570
v -0.017032 -21.691528 21.915771
v 6.589111 -5.374664 13.502380
v 7.977448 -4.298752 15.323608
v -18.376587 36.299072 0.603809
v -2.728363 30.784546 3.555649
v -3.555664 30.784546 2.728348
v -0.000019 -14.135437 -0.000000
v -0.000019 -14.135437 -0.000000
v 7.702789 -1.548622 7.702789
v 11.831909 -0.307245 14.513794
v 9.563019 -5.033279 13.244019
v 9.563019 -5.033279 13.244019
v 14.862610 -4.571106 -7.691223
v 14.862610 48.375488 -3.322784
v -14.862610 48.375488 -3.324570
v -13.523132 43.625244 13.523132
v -13.509521 -3.105118 13.509460
v -6.131683 -23.692627 -6.131683
v -6.131683 -1.778152 -6.131683
v 6.523041 -2.331963 -6.523041
v -9.960388 -7.034271 -9.960419
v -13.502380 -5.374664 -7.979248
v -13.502380 -5.374664 -6.590912
v 13.502380 -5.374664 -6.589111
v 13.502380 -5.374664 -7.977448
v -15.323608 -4.298752 -7.979248
v -13.502380 -5.374664 -6.590912
v 6.312225 -15.520935 0.000000
v 6.312225 -15.520935 5.994171
v -13.502380 -5.374664 6.589111
v 6.312225 -15.520935 0.000000
v 3.914886 0.240024 -2.260284
v 3.914886 0.240024 -2.260284
v -0.352125 23.627563 -3.574417
v -0.352125 23.627563 -3.574417
v 0.117332 26.505249 -3.629349
v 16.495789 -21.637085 -0.020031
v -3.322556 48.375488 -13.963440
v 15.323608 -4.298752 7.979248
v -14.862610 -4.571106 7.691223
v -14.862610 48.375488 3.322784
vt 0.350098 0.076233
vt 0.350098 0.060181
vt 0.097961 0.271729
vt 0.218994 0.266846
vt 0.219116 0.287598
vt 0.230347 0.029922
vt 0.230347 0.029922
vt 0.249023 0.029922
vt 0.219116 0.287598
vt 0.801758 0.346680
vt 0.801758 0.346680
vt 0.116577 0.001380
vt 0.817871 0.261230
vt 0.218994 0.266846
vt 0.219116 0.287598
vt 0.192261 0.454102
vt 0.169067 0.479004
vt 0.794434 0.107971
vt 0.636719 -0.807129
vt 0.141724 0.451172
vt 0.696777 0.195312
vt 0.684082 0.195190
vt 0.141724 0.451172
vt 0.227417 0.030228
vt 0.212036 0.076660
vt 0.230469 0.076904
vt 0.286621 0.291504
vt 0.227417 0.030228
vt 0.230469 0.076904
vt 0.212036 0.076660
vt 0.797363 0.119751
vt 0.802734 0.115479
vt 0.799316 0.115112
vt 0.415527 0.066284
vt 0.415527 0.066284
vt 0.416504 0.059174
vt 0.416504 0.059174
vt 0.372070 0.070740
vt 0.372314 0.065918
vt 0.779297 0.583984
vt 0.097961 0.271729
vt 0.116577 0.001380
vt 0.679688 0.510254
vt 0.328369 0.510254
vt 0.141724 0.451172
vt 0.097961 0.271729
vt 0.250732 0.272217
vt 0.808594 0.179565
vt 0.416504 0.059174
vt 0.415527 0.066284
vt 0.808594 0.179565
vt 0.416260 0.078003
vt 0.415527 0.070923
vt 0.415527 0.070923
vt 0.416260 0.078003
vt 0.266113 0.287842
vt 0.561523 0.470703
vt 0.544434 0.444824
vt 0.141724 0.451172
vt 0.350098 0.060181
vt 0.218994 0.266846
vt 0.374023 0.058960
vt 0.880371 0.918945
vt 0.799316 0.244507
vt 0.880371 0.918945
vt 0.685059 0.240845
vt 0.695801 0.240967
vt 0.763184 0.217407
vt 0.245972 0.463867
vt -0.093811 0.431396
vt -0.127930 0.508301
vt 0.655273 0.234375
vt 0.416260 0.078003
vt 0.415527 0.070923
vt 0.415527 0.070923
vt 0.416260 0.078003
vt 0.222534 0.400879
vt 0.222534 0.400879
vt -0.048096 0.405762
vt -0.074890 0.400879
vt 0.696777 0.318848
vt 0.790039 0.137817
vt 0.374023 0.058960
vt 0.763184 0.272705
vt 0.788574 0.198120
vt 0.791992 0.260010
vt 0.797363 0.119751
vt 0.797363 0.119751
vt 0.415527 0.066284
vt 0.415527 0.070923
vt 0.169067 0.479004
vt 0.170410 0.461914
vt 0.192261 0.454102
vt 0.817871 0.181396
vt 0.817871 0.198120
vt 0.833496 0.181396
vt 0.833496 0.198120
vt 0.723145 0.334473
vt 0.723145 0.334473
vt -0.001773 0.019028
vt 0.791992 0.260010
vt 0.097961 0.271729
vt 0.415527 0.070923
vt 0.416260 0.078003
vt 0.250488 0.257080
vt 0.218994 0.266846
vt 0.807617 0.187012
vt 0.797363 0.119751
vt 0.627930 0.125732
vt 0.627441 0.128784
vt 0.627441 0.128784
vt 0.796387 0.125732
vt 0.796387 0.125732
vt 0.796387 0.125732
vt 0.627930 0.125732
vt 0.668457 0.306641
vt 0.350098 0.060181
vt 0.100098 0.286133
vt 0.349365 0.076843
vt 0.313721 0.065918
vt 0.350342 0.066040
vt 0.313721 0.065918
vt 0.350342 0.066040
vt 0.349365 0.076843
vt 0.313721 0.064575
vt 0.349365 0.059387
vt 0.313721 0.065918
vt 0.350342 0.066040
vt 0.350342 0.066040
vt 0.350342 0.066040
vt 0.550781 0.446777
vt 0.550781 0.446777
vt 0.561523 0.470703
vt 0.415527 0.070923
vt 0.416260 0.078003
vt 0.250732 0.287842
vt 0.250732 0.272217
vt 0.619141 0.111145
vt 0.619141 0.107971
vt 0.930176 0.600098
vt 0.250732 0.287842
vt 0.689453 0.454346
vt 0.654297 0.284912
vt 0.654297 0.284912
vt 0.807617 0.187012
vt 0.264160 0.268555
vt 0.250732 0.287842
vt 0.218994 0.266846
vt 0.806152 0.111145
vt 0.794434 0.107971
vt 0.794434 0.111145
vt 0.655273 0.234375
vt 0.655273 0.234375
vt 0.528320 0.379150
vt 0.528320 0.416504
vt 0.799316 0.128784
vt 0.218994 0.266846
vt 0.779297 0.593262
vt 0.807617 0.244507
vt 0.807617 0.244507
vt 0.807617 0.244507
vt 0.833496 0.198120
vt 0.230347 0.029922
vt 0.796387 0.125732
vt 0.796387 0.125732
vt 0.796387 0.125732
vt 0.793457 0.119324
vt 0.790527 0.106567
vt 0.790039 0.119690
vt 0.787109 0.109375
vt 0.790527 0.106567
vt 0.787109 0.109375
vt 0.514648 0.449463
vt 0.608398 -0.975586
vt 0.218994 0.266846
vt 0.218994 0.266846
vt 0.516113 0.470459
vt 0.480469 0.285645
vt 0.480469 0.285645
vt 0.350098 0.076233
vt 0.350342 0.066040
vt 0.415527 0.070923
vt 0.415527 0.066284
vt 0.650879 0.234375
vt 0.227417 0.030228
vt 0.230469 0.076904
vt 0.212036 0.076660
vt 0.779785 0.583984
vt 0.218994 0.266846
vt 0.372314 0.065918
vt 0.372070 0.070740
vt 0.668457 0.312012
vt 0.628906 0.312012
vt 0.668457 0.315918
vt 0.628906 0.315918
vt 0.654297 0.284912
vt 0.742676 0.808105
vt 0.817383 0.408691
vt 0.817383 0.443848
vt 0.806152 0.408691
vt 0.817871 0.261230
vt 0.815430 0.260010
vt 0.695801 0.240967
vt 0.696777 0.318848
vt 0.637207 0.454346
vt 0.802734 0.115479
vt 0.141724 0.451172
vt 0.097961 0.271729
vt 0.796387 0.125732
vt 0.796387 0.125732
vt -0.007164 0.459717
vt 0.700195 0.666016
vt 0.141724 0.451172
vt 0.141724 0.451172
vt -0.127930 0.508301
vt -0.035156 0.451172
vt -0.035156 0.451172
vt 0.245972 0.443604
vt 0.729980 0.680664
vt 0.700195 0.684082
vt 0.817871 0.181396
vt 0.833496 0.198120
vt 0.833496 0.181396
vt 0.222534 0.400879
vt -0.074890 0.400879
vt 0.514160 0.449707
vt 0.415527 0.066284
vt 0.415527 0.070923
vt 0.097778 0.268066
vt -0.035156 0.451172
vt -0.007164 0.459717
vt 0.464844 0.188965
vt 0.464844 0.188965
vt 0.245972 0.463867
vt 0.220825 0.462158
vt 0.659180 0.212158
vt -0.060333 0.493896
vt 0.774902 0.102478
vt -0.035156 0.451172
vt -0.060333 0.519531
vt 0.141724 0.451172
vt -0.061096 0.483154
vt -0.127319 0.493164
vt 0.802734 0.115479
vt 0.799316 0.115112
vt 0.219116 0.287598
vt 0.794434 0.107971
vt 0.794434 0.111145
vt 0.791992 0.260010
vt 0.817871 0.261230
vt 0.815430 0.260010
vt 0.930176 0.600098
vt 0.833496 0.181396
vt 0.788574 0.166870
vt 0.833496 0.198120
vt 0.817871 0.181396
vt 0.799316 0.128784
vt 0.802734 0.115479
vt 0.799316 0.115112
vt 0.802734 0.115479
vt 0.799316 0.115112
vt 0.003551 0.401123
vt 0.242188 0.401123
vt 0.003551 0.401123
vt 0.049011 0.291260
vt 0.213257 0.227783
vt 0.642578 -0.655273
vt 0.642578 -0.655273
vt 0.689941 -0.800781
vt 0.242188 0.444580
vt -0.046417 0.444580
vt 0.557129 -0.655273
vt 0.736328 0.882812
vt 0.880371 0.947754
vt 0.761230 0.599609
vt 0.761230 0.885742
vt 0.880371 0.947754
vt 0.607422 -0.757812
vt 0.607422 -0.757812
vt 0.417236 0.066406
vt 0.406006 0.188721
vt 0.741211 0.885742
vt 0.636719 -0.807129
vt 0.536621 -0.806152
vt 0.557129 -0.655273
vt 0.557129 -0.655273
vt 0.557129 -0.655273
vt 0.636230 -0.655273
vt 0.557129 -0.655273
vt 0.557129 -0.655273
vt 0.761230 0.885742
vt 0.761230 0.599609
vt 0.880371 0.947754
vt 0.213257 0.227783
vt 0.429932 0.221802
vt 0.273193 0.243164
vt 0.273193 0.243164
vt 0.609863 -0.955078
vt 0.273193 0.243164
vt 0.049011 0.334229
vt 0.402588 0.192017
vt 0.274658 0.349121
vt 0.274658 0.349121
vt 0.646973 0.287598
vt 0.808594 0.179565
vt 0.808594 0.179565
vt 0.808594 0.348389
vt 0.116577 0.001380
vt 0.808594 0.348389
vt 0.116577 0.001380
vt 0.736328 0.882812
vt 0.028854 0.444580
vt 0.028854 0.444580
vt 1.005859 0.588379
vt 0.335693 0.289795
vt 0.091675 0.444580
vt 0.091675 0.444580
vt 0.761230 0.885742
vt 0.417725 0.221802
vt 0.210083 0.291260
vt 0.213257 0.227783
vt 0.607910 -0.855469
vt 0.607910 -0.855469
vt 0.607910 -0.855469
vt 0.435547 0.066528
vt 0.242310 0.291260
vt 0.242310 0.291260
vt 0.242310 0.291260
vt 1.005859 0.551758
vt 0.417725 0.221558
vt 0.558105 -0.855469
vt 0.558105 -0.855469
vt 0.655273 0.259033
vt 0.655273 0.259033
vt -0.021454 0.444580
vt 0.689941 -0.800781
vt 0.689941 -0.800781
vt 0.690430 -0.937988
vt 0.404785 0.650391
vt -0.003262 0.293213
vt 0.536621 -0.806152
vt 0.113464 0.349121
vt 0.259277 0.379395
vt 0.259277 0.379395
vt 0.406006 0.188721
vt 0.808594 0.348389
vt 0.808594 0.348389
vt 0.116577 0.001380
vt 0.429688 0.188721
vt 0.294434 0.292725
vt 0.742676 0.808105
vt 0.294434 0.292725
vt 0.655273 0.259033
vt 0.371094 0.291260
vt 0.154053 0.444580
vt 0.558105 -0.855469
vt 0.607422 -0.757812
vt 0.607422 -0.757812
vt 0.607422 -0.757812
vt 0.289551 0.231445
vt 0.743652 0.700684
vt 0.294434 0.292725
vt 0.921387 0.334229
vt 0.295166 0.019791
vt 0.857910 0.085144
vt 0.857910 0.085144
vt 0.921387 0.334229
vt 0.295166 0.019791
vt 0.921387 0.159790
vt 0.551270 -0.655273
vt 0.642578 -0.655273
vt 0.607910 -0.855469
vt 0.607910 -0.855469
vt 0.607910 -0.855469
vt 0.689941 -0.800781
vt 0.689941 -0.800781
vt 0.690430 -0.937988
vt 0.690430 -0.937988
vt 0.066650 0.401123
vt 0.066650 0.401123
vt 0.066650 0.401123
vt 0.425049 0.023834
vt 0.429688 0.188843
vt 0.429443 0.188721
vt 0.607422 -0.757812
vt 0.607422 -0.757812
vt 0.192261 0.401123
vt 0.192261 0.401123
vt 0.606445 -0.655273
vt 0.642578 -0.655273
vt 0.642578 -0.655273
vt 0.609863 -0.955078
vt 0.241455 0.535645
vt 0.646973 0.266846
vt 0.402588 0.192017
vt 0.677246 0.288330
vt 0.406250 0.221802
vt 0.213257 0.227783
vt 0.404785 0.650391
vt -0.003262 0.293213
vt -0.003262 0.293213
vt 0.689941 -0.800781
vt 0.689941 -0.800781
vt 0.558105 -0.855469
vt 0.558105 -0.855469
vt 0.723145 0.233643
vt 0.650879 0.259033
vt 0.650879 0.259033
vt 0.241455 0.535645
vt 0.723145 0.179688
vt 0.417725 0.221558
vt 0.371094 0.334229
vt 0.371094 0.334229
vt 0.523926 0.027573
vt 0.880371 0.947754
vt 0.761230 0.599609
vt 0.286621 0.291504
vt 0.241455 0.535645
vt 0.864258 0.947754
vt 0.536621 -0.806152
vt 0.429688 0.188721
vt 0.212036 0.076660
vt 0.227417 0.030228
vt 0.230469 0.076904
vt 0.230469 0.076904
vt 0.806152 0.408691
vt 0.802734 0.441895
vt 0.817383 0.443848
vt 0.403564 0.807129
vt 1.050781 0.550781
vt 0.049744 0.291260
vt 0.646973 0.287598
vt 0.213257 0.227783
vt 0.642578 -0.655273
vt 0.642578 -0.655273
vt 0.689941 -0.800781
vt 0.689941 -0.800781
vt 0.557129 -0.655273
vt 0.557129 -0.655273
vt 0.636230 -0.655273
vt 0.606445 -0.655273
vt 0.642578 -0.655273
vt 0.557129 -0.655273
vt 0.808594 0.179565
vt 0.741211 0.885742
vt 0.880371 0.947754
vt 0.761230 0.599609
vt 0.273193 0.243164
vt 0.761230 0.885742
vt 0.880371 0.947754
vt 0.761230 0.599609
vt 0.690430 -0.937988
vt 0.607910 -0.855469
vt 0.607910 -0.855469
vt 0.607422 -0.757812
vt 0.607422 -0.757812
vt 0.678711 0.222168
vt 0.241455 0.535645
vt 0.259277 0.379395
vt 0.536621 -0.806152
vt 0.636719 -0.807129
vt 0.741211 0.885742
vt 0.655273 0.259033
vt 0.655273 0.259033
vt 0.650879 0.259033
vt 0.650879 0.259033
vt 0.761230 0.885742
vt 0.126099 -0.000840
vt 0.801758 0.346680
vt 0.880371 0.947754
vt 0.761230 0.599609
vt 0.210449 0.291260
vt 0.210449 0.291260
vt 0.210449 0.291260
vt 0.213257 0.227783
vt 0.676270 0.287354
vt 0.273193 0.243164
vt 0.049744 0.334473
vt 0.049744 0.334473
vt 0.646973 0.287598
vt 0.761230 0.885742
vt 0.741211 0.885742
vt 0.808594 0.334229
vt 0.126099 -0.000840
vt 0.808594 0.334229
vt 0.126099 -0.000840
vt 0.761230 0.885742
vt 0.273193 0.243164
vt 0.213257 0.227783
vt 0.242676 0.334473
vt 0.558105 -0.855469
vt 0.558105 -0.855469
vt 0.689941 -0.800781
vt 0.690430 -0.937988
vt 0.404785 0.650391
vt -0.003262 0.293213
vt 0.536621 -0.806152
vt 0.732910 0.880371
vt 1.366211 0.550781
vt 0.557129 -0.655273
vt 0.557129 -0.655273
vt 0.636230 -0.655273
vt 0.557129 -0.655273
vt 0.551758 0.650391
vt 0.125244 0.293213
vt 0.551758 0.650391
vt 0.125244 0.293213
vt 0.655273 0.259033
vt 0.655273 0.259033
vt 0.650879 0.259033
vt 0.650879 0.259033
vt 0.371094 0.291260
vt 0.536621 -0.855469
vt 0.607422 -0.757812
vt 0.607422 -0.757812
vt 0.743652 0.700684
vt 0.294434 0.292725
vt 0.295166 0.019791
vt 0.921387 0.334229
vt 0.921387 0.159790
vt 0.295166 0.019791
vt 0.921387 0.334229
vt 0.921387 0.159790
vt 0.551758 -0.806152
vt 0.642578 -0.655273
vt 0.642578 -0.655273
vt 0.607910 -0.855469
vt 0.607910 -0.855469
vt 0.689941 -0.800781
vt 0.690430 -0.937988
vt 0.609863 -0.955078
vt 0.723145 0.085205
vt 0.642578 -0.655273
vt 0.606445 -0.655273
vt 0.241455 0.535645
vt 0.259277 0.379395
vt 0.646973 0.266846
vt 0.213257 0.227783
vt 0.213257 0.227783
vt 0.655273 0.259033
vt 0.125244 0.293213
vt 0.125244 0.293213
vt 0.551758 0.650391
vt -0.003262 0.293213
vt 0.689941 -0.800781
vt 0.677246 0.288330
vt 0.723145 0.233643
vt 0.241455 0.535645
vt 0.259277 0.379395
vt 0.723145 0.179688
vt 0.808594 0.179565
vt 0.808594 0.179565
vt 0.371094 0.334473
vt 1.050781 0.498779
vt 0.880371 0.947754
vt 0.761230 0.599609
vt 0.241455 0.535645
vt 0.536621 -0.806152
vt 0.632324 -0.807129
vt 0.984863 0.497070
vt 0.837891 0.497070
vt 0.327637 0.898438
vt 0.542480 0.800293
vt 0.958984 0.497070
vt 0.958984 0.497070
vt 0.615723 0.848633
vt 0.615723 0.848633
vt 0.542480 0.764648
vt 0.542480 0.761230
vt 0.542480 0.800293
vt 0.680664 0.659668
vt 0.210449 0.291260
vt 0.210449 0.291260
vt 0.772461 0.198120
vt 0.395508 0.802246
vt 0.395508 0.802246
vt 0.395508 0.802246
vt 0.788574 0.198120
vt 0.788574 0.198120
vt 0.788574 0.198120
vt 0.210449 0.334473
vt 0.210449 0.334473
vt 0.869629 0.497070
vt 0.869629 0.497070
vt 0.788574 0.166870
vt 0.788574 0.166870
vt 0.788574 0.166870
vt 0.372803 0.848633
vt 0.306885 0.291260
vt 0.833496 0.198120
vt 0.833496 0.166870
vt 0.811523 0.165161
vt 0.772461 0.166870
vt 0.570312 0.898438
vt 0.807617 0.314453
vt 0.554688 0.898438
vt 0.607910 0.802246
vt 0.607910 0.802246
vt 0.833496 0.198120
vt 0.772461 0.166870
vt 0.811523 0.165161
vt 0.811523 0.165161
vt 0.509277 0.849121
vt 0.327637 0.848633
vt 0.371094 0.291260
vt 0.791992 0.308350
vt 0.509277 0.898438
vt 0.486328 0.898438
vt 0.486328 0.898438
vt 0.791992 0.308350
vt 0.305176 0.802246
vt 0.638672 0.802246
vt 0.638672 0.802246
vt 0.833496 0.198120
vt 0.312500 0.848633
vt 0.519043 0.659668
vt 0.624023 0.764648
vt 0.680664 0.722656
vt 0.920898 0.467773
vt 0.920898 0.467773
vt 0.920898 0.467773
vt 0.519043 0.722656
vt 0.680664 0.725586
vt 0.833496 0.198120
vt 0.456055 0.802246
vt 0.456055 0.802246
vt 0.772461 0.198120
vt 0.908203 0.497070
vt 0.908203 0.497070
vt 0.817871 0.198120
vt 0.817871 0.198120
vt 0.146240 0.291260
vt 0.569824 0.848633
vt 0.516602 0.802246
vt 0.516602 0.802246
vt 0.516602 0.802246
vt 0.772461 0.198120
vt 0.799316 0.314453
vt 0.815430 0.308350
vt 0.395508 0.898438
vt 0.630859 0.848633
vt 0.630859 0.848633
vt 0.791992 0.308350
vt 0.365234 0.898438
vt 0.365234 0.898438
vt 0.542480 0.764648
vt 0.837891 0.467773
vt 0.991211 0.467773
vt 0.624023 0.725586
vt 0.869629 0.467773
vt 0.869629 0.467773
vt 0.817871 0.198120
vt 0.833496 0.198120
vt 0.788574 0.198120
vt 0.788574 0.198120
vt 0.680664 0.764648
vt 0.680664 0.761230
vt 0.624023 0.800293
vt 0.371094 0.334473
vt 0.049744 0.334473
vt 0.433350 0.848633
vt 0.387939 0.848633
vt 0.249634 0.145630
vt 0.231079 0.145630
vt 0.249390 0.095947
vt 0.113464 0.291260
vt 0.624023 0.761230
vt 0.624023 0.761230
vt 0.624023 0.800293
vt 0.624023 0.800293
vt 0.519043 0.764648
vt 0.542480 0.802734
vt 0.519043 0.838867
vt 0.680664 0.659668
vt 0.242310 0.334229
vt 0.242310 0.334229
vt 0.371094 0.291260
vt 0.624023 0.802734
vt 0.624023 0.659668
vt 0.680664 0.722656
vt 0.680664 0.838867
vt 0.542480 0.761230
vt 0.680664 0.725586
vt 0.113464 0.349121
vt 0.680664 0.764648
vt 0.680664 0.838867
vt 0.680664 0.764648
vt 0.680664 0.802734
vt 0.542480 0.725586
vt 0.542480 0.725586
vt 0.680664 0.800293
vt 0.519043 0.802734
vt 0.680664 0.761230
vt 0.519043 0.802734
vt 0.680664 0.659668
vt 0.624023 0.722656
vt 0.680664 0.802734
vt 0.519043 0.838867
vt 0.371094 0.334229
vt 0.049011 0.334229
vt 0.624023 0.659668
vt 0.231079 0.145630
vt 0.249634 0.145630
vt 0.249390 0.095947
vt 0.655273 0.192505
vt 0.650879 0.192505
vt 0.784180 0.209351
vt 0.250488 0.257080
vt 0.373779 0.077698
vt 0.218994 0.266846
vt 0.802734 0.115479
vt 0.799316 0.128784
vt 0.799316 0.115112
vt 0.799316 0.128784
vt 0.338867 0.551758
vt 0.679688 0.551758
vt 0.679688 0.551758
vt 0.376953 0.545410
vt 0.376953 0.545410
vt 0.549316 0.454346
vt 0.350098 0.076233
vt 0.219116 0.287598
vt 0.797363 0.116577
vt 0.797363 0.116577
vt 0.619141 0.107971
vt 0.619141 0.111145
vt 0.264160 0.268555
vt 0.779297 0.593262
vt 0.218994 0.266846
vt 0.250732 0.287842
vt 0.833496 0.198120
vt 0.833496 0.181396
vt 0.817871 0.181396
vt 0.817871 0.198120
vt 0.372070 0.070740
vt 0.250488 0.257080
vt 0.373779 0.077698
vt 0.373779 0.077698
vt 0.802734 0.115479
vt 0.799316 0.128784
vt 0.799316 0.115112
vt 0.250732 0.272217
vt 0.250732 0.272217
vt 0.864258 0.918945
vt 0.742676 0.808105
vt 0.294434 0.292725
vt -0.001773 0.019028
vt -0.001773 0.019028
vt 0.930176 0.583984
vt 0.097961 0.271729
vt 0.815430 0.308350
vt 0.304932 0.898438
vt 0.653809 0.898438
vt 0.807617 0.198242
vt 0.807617 0.198242
vt 0.807617 0.314453
vt 0.807617 0.314453
vt 0.542480 0.764648
vt 0.680664 0.764648
vt 0.554688 0.848633
vt 0.554688 0.848633
vt 0.493896 0.849121
vt 0.249634 0.145630
vt 0.249390 0.095947
vt 0.231079 0.145630
vt -0.048096 0.405762
vt 0.523926 0.156616
vt 0.141968 0.405762
vt 0.222534 0.400879
vt 0.839844 0.251221
vt 0.230347 0.029922
vt 0.249023 0.029922
vt 0.230347 0.029922
vt 0.374023 0.058960
vt 0.374023 0.058960
vt 0.930176 0.600098
vt 0.566895 0.420166
vt 0.650879 0.234375
vt 0.141724 0.451172
vt 0.141724 0.451172
vt 0.880371 0.918945
vt 0.880371 0.918945
vt 0.514648 0.454346
vt 0.514648 0.420166
vt 0.338867 0.523926
vt 0.514648 0.454346
vt -0.007164 0.459717
vt -0.127319 0.493164
vt 0.853027 0.479248
vt 0.879395 0.526367
vt -0.035156 0.451172
vt 0.220825 0.462158
vt 0.923828 0.479248
vt 0.774902 0.102478
vt -0.035156 0.451172
vt -0.035187 0.459717
vt 0.141724 0.451172
vt 0.350098 0.060181
vt 0.879395 0.526367
vt 0.700195 0.666016
vt 0.141724 0.451172
vt 0.141724 0.451172
vt -0.035156 0.451172
vt -0.061096 0.483154
vt -0.035156 0.451172
vt -0.035156 0.451172
vt 0.700195 0.684082
vt -0.007164 0.459717
vt 0.221558 0.461182
vt 0.790527 0.102600
vt 0.729980 0.666016
vt 0.853027 0.500000
vt 0.729980 0.680664
vt 0.919922 0.526367
vt 0.620117 0.116577
vt 0.620117 0.119751
vt 0.880371 0.918945
vt 0.880371 0.918945
vt 0.230469 0.076904
vt 0.249268 0.076904
vt 0.249390 0.095947
vt 0.618652 0.106567
vt 0.618652 0.106567
vt 0.100098 0.286133
vt 0.627441 0.128784
vt 0.627930 0.125732
vt 0.627930 0.125732
vt 0.627441 0.128784
vt 0.779297 0.593262
vt 0.779297 0.593262
vt 0.799316 0.260010
vt 0.799316 0.260010
vt 0.799316 0.260010
vt 0.799316 0.244507
vt 0.799316 0.244507
vt 0.338867 0.523926
vt 0.679688 0.523926
vt 0.349365 0.059387
vt 0.313721 0.065918
vt 0.350342 0.066040
vt 0.313721 0.065918
vt 0.350342 0.066040
vt 0.350342 0.066040
vt 0.790039 0.137817
vt 0.372070 0.070740
vt 0.808594 0.179565
vt 0.126099 -0.000840
vt 0.801758 0.346680
vt 0.417236 0.066406
vt 0.609863 -0.955078
vt 0.434326 0.029678
vt 0.551758 0.650391
vt 0.404785 0.650391
vt -0.003262 0.293213
vt 0.689941 -0.800781
vt 0.435547 0.066528
vt 0.655273 0.259033
vt 0.227417 0.030228
vt 0.230469 0.076904
vt 0.212036 0.076660
vt 0.249268 0.076904
vt 0.230469 0.076904
vt 0.557129 -0.655273
vt 0.557129 -0.655273
vt 0.286621 0.291504
vt 0.939453 0.577148
vt 0.939453 0.577148
vt 0.212036 0.076660
vt 0.230469 0.076904
vt 0.227417 0.030228
vt 0.230469 0.076904
vt 0.210083 0.291260
vt 0.210083 0.291260
vt 0.249390 0.095947
vt 0.249634 0.145630
vt 0.231079 0.145630
vt 0.791992 0.308350
vt 0.624023 0.725586
vt 0.815430 0.308350
vt 0.799316 0.198242
vt 0.799316 0.198242
vt 0.680664 0.761230
vt 0.779297 0.593262
vt 0.833496 0.261230
vt 0.793457 0.119324
vt 0.514648 0.420166
vt 0.790527 0.106567
vt -0.052124 0.400635
vt 0.141968 0.405762
vt 0.141968 0.405762
vt 0.700195 0.212036
vt 0.659180 0.237793
vt -0.093811 0.431396
vt 0.219116 0.287598
vt 0.930176 0.600098
vt 0.516113 0.470459
vt 0.791992 0.308350
vt 0.791992 0.308350
vt 0.807617 0.314453
vt 0.516113 0.470459
vt 0.696777 0.318848
vt 0.856445 0.577148
vt 0.338867 0.523926
vt 0.679688 0.510254
vt 0.376953 0.529785
vt 0.376953 0.529785
vt 0.794434 0.107971
vt 0.794434 0.111145
vt 0.806152 0.111145
vt 0.811523 0.119751
vt 0.723145 0.085205
vt 0.723145 0.085205
vt 0.811523 0.116577
vt 0.266113 0.287842
vt 0.250732 0.287842
vt 0.817871 0.261230
vt 0.833496 0.261230
vt 0.266113 0.287842
vt 0.250732 0.287842
vt 0.684082 0.195190
vt 0.696777 0.195312
vt 0.219116 0.287598
vt -0.093811 0.431396
vt -0.093811 0.431396
vt 0.218994 0.266846
vt 0.250732 0.287842
vt 0.930176 0.583984
vt 0.790039 0.119690
vt 0.790527 0.106567
vt 0.793457 0.119324
vt 0.794434 0.107971
vt 0.250732 0.287842
vt 0.939453 0.577148
vt 0.249023 0.029922
vt 0.230347 0.029922
vt 0.230347 0.029922
vt 0.218994 0.266846
vt 0.620117 0.116577
vt 0.620117 0.119751
vt 0.817871 0.261230
vt 0.833496 0.261230
vt 0.097778 0.268066
vt 0.624023 0.659668
vt 0.807617 0.187012
vt 0.807617 0.187012
vt -0.052124 0.400635
vt 0.141968 0.405762
vt 0.338867 0.551758
vt 0.679688 0.551758
vt 0.679688 0.551758
vt 0.787109 0.109375
vt 0.787109 0.109375
vt 0.790527 0.106567
vt 0.372070 0.070740
vt 0.679688 0.523926
vt 0.338867 0.523926
vt 0.373779 0.077698
vt 0.373779 0.077698
vt 0.668457 0.310547
vt 0.628906 0.310547
vt 0.628906 0.306641
vt 0.696777 0.195312
vt 0.684082 0.195190
vt 0.650879 0.192505
vt 0.655273 0.192505
vt 0.403564 0.807129
vt 0.403564 0.807129
vt 0.403564 0.807129
vt 0.930176 0.583984
vt 0.811523 0.165161
vt -0.048096 0.405762
vt -0.048096 0.405762
vt 0.523926 0.156616
vt 0.141968 0.405762
vt 0.222534 0.400879
vt 0.839844 0.588379
vt 0.264160 0.268555
vt 0.794434 0.107971
vt 0.097778 0.268066
vt 0.523926 0.156616
vt 0.523926 0.221191
vt 0.523926 0.221191
vt 0.817871 0.261230
vt 0.815430 0.260010
vt 0.791992 0.260010
vt 0.349365 0.059387
vt 0.350342 0.066040
vt 0.313721 0.064575
vt 0.350342 0.066040
vt 0.350342 0.066040
vt 0.350342 0.066040
vt 0.696777 0.318848
vt 0.249023 0.029922
vt 0.249023 0.029922
vt 0.097961 0.271729
vt 0.230469 0.076904
vt 0.249390 0.095947
vt 0.249268 0.076904
vt 0.219116 0.287598
vt 0.789062 0.298828
vt 0.848145 0.262695
vt 0.619141 0.111145
vt 0.619141 0.107971
vt 0.794434 0.111145
vt 0.550781 0.446777
vt 0.561523 0.470703
vt 0.516113 0.470459
vt 0.141724 0.451172
vt 0.166016 0.289795
vt 0.403564 0.807129
vt 0.403564 0.807129
vt -0.093811 0.431396
vt 0.097961 0.271729
vt 0.338867 0.551758
vt 0.679688 0.551758
vt 0.679688 0.551758
vt 0.376953 0.545410
vt 0.376953 0.545410
vt 0.793457 0.119324
vt 0.790527 0.106567
vt 0.799316 0.128784
vt 0.802734 0.115479
vt 0.799316 0.115112
vt 0.799316 0.128784
vt 0.808594 0.179565
vt 0.723145 0.085205
vt 0.212036 0.076660
vt 0.227417 0.030228
vt 0.230469 0.076904
vt 0.230469 0.076904
vt 0.249268 0.076904
vt 0.817871 0.261230
vt 0.815430 0.260010
vt 0.791992 0.260010
vt 0.772461 0.166870
vt 0.817383 0.166870
vt 0.811523 0.165161
vt 0.817871 0.198120
vt 0.880371 0.918945
vt 0.679688 0.551758
vt 0.376953 0.545410
vt 0.338867 0.551758
vt 0.695801 0.240967
vt 0.880371 0.918945
vt 0.930176 0.583984
vt 0.219116 0.287598
vt 0.350098 0.076233
vt 0.566895 0.420166
vt 0.566895 0.420166
vt 0.833496 0.166870
vt 0.788574 0.166870
vt 0.817871 0.261230
vt 0.815430 0.260010
vt 0.817871 0.198120
vt 0.833496 0.261230
vt 0.791992 0.260010
vt 0.608398 -0.975586
vt 0.806152 0.111145
vt 0.811523 0.119751
vt 0.654297 -0.939941
vt 0.766113 0.278320
vt 0.794434 0.111145
vt 0.794434 0.107971
vt 0.857910 0.085144
vt 0.848145 0.262695
vt 0.811523 0.116577
vt 0.219116 0.287598
vt 0.350342 0.066040
vt 0.313721 0.065918
vt 0.349365 0.059387
vt 0.249390 0.095947
vt 0.249268 0.076904
vt 0.230469 0.076904
vt 0.789062 0.298828
vt 0.313721 0.064575
vt 0.313721 0.065918
vt 0.350342 0.066040
vt 0.313721 0.065918
vt 0.350342 0.066040
vt 0.350342 0.066040
vt 0.349365 0.059387
vt 0.703125 -0.975586
vt 0.349365 0.076843
vt 0.806152 0.111145
vt 0.415527 0.066284
vt 0.415527 0.070923
vt 0.857910 0.085144
vt 0.266113 0.287842
vt 0.416504 0.059174
vt 0.415527 0.066284
vt 0.350098 0.060181
vt -0.001773 0.019028
vt 0.794434 0.111145
vt 0.811523 0.119751
vt 0.794434 0.107971
vt 0.811523 0.116577
vt 0.806152 0.107971
vt 0.806152 0.107971
vt 0.794434 0.107971
vt 0.794434 0.111145
vt 0.806152 0.111145
vt 0.806152 0.111145
vt 0.766113 0.278320
vt -0.035156 0.451172
vt -0.060333 0.519531
vt -0.127319 0.493164
vt 0.523926 0.350342
vt -0.035156 0.451172
vt -0.035156 0.451172
vt -0.060333 0.493896
vt 0.141724 0.451172
vt 0.853027 0.479248
vt 0.220825 0.462158
vt 0.464844 0.350342
vt -0.007164 0.459717
vt 0.734863 0.686523
vt 0.602051 0.420166
vt 0.919922 0.526367
vt 0.700195 0.684082
vt 0.923828 0.479248
vt 0.700195 0.666016
vt 0.668457 0.310547
vt 0.628906 0.310547
vt 0.668457 0.312012
vt 0.628906 0.312012
vt 0.811523 0.116577
vt 0.350342 0.066040
vt 0.849121 0.311035
vt 0.771973 0.260498
vt 0.811523 0.119751
vt 0.857910 0.085144
vt 0.849121 0.289062
vt 0.219116 0.287598
vt 0.218994 0.266846
vt 0.930176 0.583984
vt 0.930176 0.600098
vt 0.767090 0.705566
vt 0.608398 -0.975586
vt 0.654297 -0.939941
vt 0.811523 0.116577
vt 0.806152 0.107971
vt 0.783691 0.766113
vt 0.313721 0.065918
vt 0.313721 0.065918
vt 0.350342 0.066040
vt 0.350342 0.066040
vt 0.900391 0.766113
vt 0.349365 0.076843
vt 0.811523 0.119751
vt 0.857910 0.085144
vt 0.703125 -0.975586
vt 0.372314 0.065918
vt 0.806152 0.111145
vt 0.806152 0.111145
vt 0.350342 0.066040
vt 0.350098 0.060181
vt 0.349365 0.059387
vt 0.230591 0.095947
vt 0.249268 0.076904
vt 0.230469 0.076904
vt 0.250732 0.287842
vt 0.250732 0.287842
vt 0.266113 0.287842
vt 0.218994 0.266846
vt 0.264160 0.268555
vt 0.264160 0.268555
vt 0.219116 0.287598
vt 0.372070 0.070740
vt 0.313721 0.064575
vt 0.350342 0.066040
vt 0.313721 0.065918
vt 0.350342 0.066040
vt 0.350342 0.066040
vt 0.349365 0.059387
vt 0.415527 0.070923
vt 0.415527 0.066284
vt 0.373779 0.077698
vt 0.350342 0.066040
vt 0.561523 0.470703
vt 0.544434 0.444824
vt 0.516113 0.470459
vt 0.250488 0.257080
vt 0.250732 0.272217
vt 0.250732 0.287842
vt 0.250732 0.272217
vt 0.250732 0.272217
vt 0.264160 0.268555
vt 0.266113 0.287842
vt 0.219116 0.287598
vt 0.218994 0.266846
vt 0.779785 0.583984
vt 0.415527 0.066284
vt 0.415527 0.070923
vt 0.561523 0.470703
vt 0.550781 0.446777
vt 0.516113 0.470459
vt 0.250488 0.257080
vt 0.250732 0.287842
vt 0.930176 0.600098
vt 0.930176 0.583984
vt 0.415527 0.070923
vt 0.415527 0.066284
vt 0.654297 0.284180
vt 0.654297 0.284912
vt 0.415527 0.070923
vt 0.415527 0.070923
vt 0.416260 0.078003
vt 0.787109 0.109375
vt 0.787109 0.109375
vt 0.618652 0.106567
vt 0.787109 0.109375
vt 0.790527 0.106567
vt 0.618652 0.106567
vt 0.618652 0.109375
vt 0.627930 0.125732
vt 0.627441 0.128784
vt 0.796387 0.125732
vt 0.627930 0.125732
vt 0.627441 0.128784
vt 0.796387 0.125732
vt -0.007164 0.459717
vt -0.035156 0.451172
vt 0.602051 0.454346
vt 0.220825 0.462158
vt 0.220825 0.462158
vt 0.833496 0.198120
vt 0.833496 0.181396
vt -0.127319 0.493164
vt 0.107605 0.295410
vt 0.072327 0.305176
vt 0.072327 0.305176
vt 0.072083 0.295410
vt 0.072083 0.295410
vt -0.035156 0.451172
vt 0.523926 0.350342
vt 0.817871 0.181396
vt 0.833496 0.261230
vt -0.061096 0.483154
vt 0.141724 0.451172
vt 0.141724 0.451172
vt 0.384277 0.472412
vt 0.010330 0.295410
vt 0.331787 0.482178
vt 0.819824 0.938965
vt 0.295410 0.480713
vt 0.249268 0.076904
vt 0.230469 0.076904
vt 0.833496 0.261230
vt 0.817871 0.261230
vt 0.250732 0.272217
vt 0.619141 0.107971
vt 0.619141 0.111145
vt 0.794434 0.111145
vt 0.794434 0.107971
vt 0.930176 0.583984
vt 0.620117 0.119751
vt 0.620117 0.116577
vt 0.839844 0.210205
vt 0.550293 0.470459
vt 0.516113 0.470459
vt 0.544434 0.444824
vt 0.250732 0.287842
vt 0.250732 0.287842
vt 0.266113 0.287842
vt 0.264160 0.268555
vt 0.218994 0.266846
vt 0.219116 0.287598
vt 0.818848 0.289307
vt 0.097961 0.271729
vt 0.415527 0.066284
vt 0.416504 0.059174
vt 0.116577 0.001380
vt 0.250732 0.287842
vt 0.817871 0.261230
vt 0.815430 0.260010
vt 0.374023 0.058960
vt 0.374023 0.058960
vt 0.373779 0.077698
vt 0.373779 0.077698
vt 0.373779 0.077698
vt 0.218994 0.266846
vt 0.794434 0.111145
vt 0.620117 0.116577
vt 0.620117 0.119751
vt 0.637207 0.454346
vt 0.703125 -0.975586
vt 0.654297 -0.939941
vt 0.619141 0.111145
vt 0.619141 0.107971
vt 0.794434 0.107971
vt 0.794434 0.107971
vt 0.794434 0.111145
vt 0.794434 0.111145
vt 0.620117 0.116577
vt 0.620117 0.119751
vt 0.797363 0.116577
vt 0.797363 0.116577
vt 0.790039 0.137817
vt 0.373779 0.077698
vt 0.350342 0.066040
vt 0.218994 0.266846
vt 0.374023 0.058960
vt 0.374023 0.058960
vt 0.842285 0.960449
vt 0.862305 0.940918
vt 0.372070 0.070740
vt 0.350342 0.066040
vt 0.415527 0.066284
vt 0.415527 0.070923
vt 0.372070 0.070740
vt 0.350098 0.076233
vt 0.250488 0.257080
vt 0.250732 0.272217
vt 0.313721 0.065918
vt 0.350342 0.066040
vt 0.930176 0.600098
vt 0.350098 0.060181
vt 0.100098 0.286133
vt 0.218994 0.266846
vt 0.350098 0.060181
vt 0.264160 0.268555
vt 0.097778 0.268066
vt 0.799316 0.314453
vt 0.655273 0.234375
vt 0.650879 0.234375
vt 0.598633 0.379150
vt 0.654297 0.284180
vt 0.654297 0.284912
vt 0.372314 0.065918
vt 0.372314 0.065918
vt 0.264160 0.268555
vt 0.864258 0.918945
vt 0.650879 0.234375
vt 0.864258 0.918945
vt 0.684082 0.195190
vt 0.696777 0.195312
vt 0.864258 0.918945
vt 0.864258 0.918945
vt 0.250732 0.287842
vt 0.192871 0.400635
vt 0.192871 0.400635
vt -0.074890 0.400879
vt -0.052124 0.400635
vt 0.606445 -0.655273
vt 0.689941 -0.800781
vt 0.690430 -0.937988
vt 0.241455 0.535645
vt 0.636230 -0.655273
vt 0.655273 0.259033
vt 0.655273 0.259033
vt 0.286621 0.291504
vt 0.889648 0.551758
vt 0.650879 0.259033
vt 0.650879 0.259033
vt 0.636719 -0.807129
vt 0.856445 0.577148
vt 0.803223 0.413330
vt 0.817383 0.443848
vt 0.817383 0.408691
vt 0.230469 0.076904
vt 0.227417 0.030228
vt 0.212036 0.076660
vt 0.178345 0.334473
vt 0.178345 0.334473
vt 0.230469 0.076904
vt 0.249268 0.076904
vt 0.463379 0.060699
vt 0.423096 0.102600
vt 0.463379 0.098938
vt 0.514160 0.449707
vt 0.791992 0.260010
vt 0.799316 0.260010
vt -0.127319 0.493164
vt 0.523926 0.350342
vt -0.035156 0.451172
vt 0.602051 0.454346
vt 0.245972 0.463867
vt 0.464844 0.350342
vt -0.007164 0.459717
vt -0.060333 0.519531
vt 0.141724 0.451172
vt 0.141724 0.451172
vt -0.035156 0.451172
vt -0.035156 0.451172
vt 0.257080 0.436035
vt 0.257080 0.436035
vt 0.250488 0.257080
vt 0.250732 0.287842
vt 0.797363 0.119751
vt 0.797363 0.119751
vt 0.619141 0.111145
vt 0.794434 0.111145
vt 0.794434 0.111145
vt 0.619141 0.107971
vt 0.794434 0.107971
vt 0.794434 0.107971
vt 0.620117 0.116577
vt 0.620117 0.119751
vt 0.250732 0.287842
vt 0.779297 0.593262
vt 0.930176 0.600098
vt 0.930176 0.583984
vt 0.864258 0.918945
vt 0.619141 0.111145
vt 0.619141 0.107971
vt 0.700195 0.666016
vt 0.602051 0.454346
vt 0.853027 0.479248
vt -0.007164 0.459717
vt -0.035156 0.451172
vt 0.220825 0.462158
vt 0.774902 0.102478
vt 0.754395 0.666016
vt -0.061066 0.493164
vt 0.700195 0.684082
vt 0.923828 0.479248
vt 0.141724 0.451172
vt -0.035156 0.451172
vt 0.729980 0.680664
vt 0.257080 0.436035
vt 0.919922 0.526367
vt 0.295410 0.480713
vt 0.384277 0.472412
vt 0.331055 0.482178
vt 0.801758 0.208984
vt 0.651367 -0.807129
vt 0.636719 -0.655273
vt 0.250488 0.257080
vt 0.219116 0.287598
vt 0.864258 0.918945
vt -0.093811 0.431396
vt -0.093811 0.431396
vt 0.619629 0.420166
vt 0.779297 0.583984
vt 0.799316 0.244507
vt 0.542480 0.659668
vt 0.218994 0.266846
vt 0.313721 0.065918
vt 0.619141 0.107971
vt 0.794434 0.111145
vt 0.794434 0.107971
vt 0.619141 0.111145
vt 0.802734 0.441895
vt 0.817383 0.443848
vt 0.817383 0.464600
vt 0.797363 0.116577
vt 0.797363 0.116577
vt 0.620117 0.119751
vt 0.620117 0.116577
vt 0.797363 0.119751
vt 0.797363 0.119751
vt 0.250732 0.287842
vt 0.415527 0.066284
vt 0.416504 0.059174
vt 0.100098 0.286133
vt 0.833496 0.261230
vt 0.817871 0.261230
vt 0.723145 0.085205
vt 0.723145 0.085205
vt 0.784180 0.209351
vt 0.801758 0.208984
vt 0.775879 0.174072
vt 0.775879 0.174072
vt 0.618652 0.106567
vt 0.787109 0.109375
vt 0.787109 0.109375
vt 0.222534 0.400879
vt -0.074890 0.400879
vt 0.514648 0.454346
vt 0.514648 0.454346
vt 0.514648 0.420166
vt 0.790039 0.137817
vt 0.627441 0.128784
vt 0.627930 0.125732
vt 0.627930 0.125732
vt 0.627441 0.128784
vt 0.416504 0.059174
vt 0.415527 0.066284
vt 0.723145 0.179688
vt 0.808594 0.179565
vt 0.415527 0.066284
vt 0.723145 0.179688
vt 0.679688 0.551758
vt 0.679688 0.551758
vt 0.376953 0.545410
vt 0.376953 0.545410
vt 0.338867 0.551758
vt 0.266113 0.287842
vt 0.794434 0.111145
vt 0.618652 0.106567
vt 0.618652 0.106567
vt 0.787109 0.109375

s 1
g bashkit1
vn 0.606246 0.000000 0.795277
vn 0.000000 0.000000 -1.000000
vn 0.156073 0.097258 0.982946
vn 0.205149 0.077098 -0.975689
vn 0.168157 0.072072 -0.983122
vn -0.000086 0.066007 0.997819
vn -0.000079 0.066001 0.997820
vn -0.000086 0.066007 0.997819
vn -0.623485 0.032939 0.781141
vn 0.989072 0.000000 -0.147434
vn 0.989072 0.000000 0.147434
vn -0.986923 -0.005523 -0.161098
vn -0.256804 0.124733 -0.958381
vn -0.985307 0.068731 0.156350
vn 0.985464 0.008891 0.169649
vn 0.787737 -0.128338 0.602494
vn 0.787737 -0.128338 0.602494
vn -0.996119 -0.088022 0.000253
vn 0.601953 -0.177264 0.778607
vn -0.895128 -0.214332 0.390907
vn 0.337490 -0.121697 -0.933429
vn 0.337490 -0.121697 -0.933429
vn 0.531834 0.000000 -0.846849
vn -0.005365 0.363973 -0.931394
vn -0.005365 0.363973 -0.931394
vn -0.005365 0.363973 -0.931394
vn -0.949757 -0.166499 -0.265029
vn -0.709091 -0.036010 0.704197
vn -0.709091 -0.036010 0.704197
vn -0.709091 -0.036010 0.704197
vn 0.168479 0.065143 -0.983550
vn 0.161480 0.346174 -0.924168
vn 0.000000 0.000000 -1.000000
vn -0.970474 0.093675 -0.222273
vn 0.971566 0.063111 -0.228205
vn -0.834603 0.228579 -0.501188
vn 0.994008 -0.094115 -0.055600
vn -0.038785 -0.065652 -0.997088
vn 0.514900 -0.203098 0.832844
vn 0.954028 0.027964 0.298411
vn -0.141768 0.068339 0.987538
vn 0.989072 0.000002 -0.147435
vn 0.979632 -0.005176 0.200737
vn 0.834571 -0.064592 0.547101
vn -0.846849 0.000000 -0.531834
vn 0.982569 0.079729 0.167930
vn 0.959627 -0.108189 0.259638
vn -0.214391 0.976748 0.000000
vn 0.455016 0.307947 -0.835541
vn 0.127620 0.086371 -0.988055
vn -0.214391 0.976748 -0.000000
vn 0.000000 0.000000 -1.000000
vn 0.000000 0.000000 -1.000000
vn 0.237113 -0.160474 0.958136
vn -0.147906 0.100100 0.983923
vn 0.009875 -0.999935 -0.005640
vn 0.889020 0.011335 -0.457728
vn 0.889020 0.011335 -0.457728
vn 0.531834 0.000000 0.846849
vn 0.954532 0.109384 -0.277314
vn -0.113888 -0.034573 -0.992892
vn -0.873842 0.187725 -0.448508
vn -0.152657 -0.188849 0.970068
vn -0.756287 0.147890 -0.637306
vn -0.915688 -0.074513 0.394923
vn -0.695363 -0.181551 0.695348
vn -0.073715 -0.010595 0.997223
vn -0.037789 0.335907 -0.941137
vn 0.619549 -0.278027 0.734071
vn 0.415647 -0.243943 0.876202
vn -0.975942 0.216948 -0.021682
vn 1.000000 0.000000 0.000000
vn 0.055600 -0.094115 0.994008
vn 0.310730 0.084822 0.946706
vn -0.123835 -0.083809 -0.988757
vn 0.147906 0.100100 -0.983923
vn 0.619549 -0.278027 0.734071
vn 0.399546 0.074303 0.913697
vn 0.352681 -0.083265 0.932032
vn 0.296826 -0.000193 0.954932
vn -0.986762 -0.084008 -0.138724
vn -0.031442 -0.840634 0.540690
vn 0.945734 0.086613 -0.313186
vn -0.037789 0.335907 -0.941137
vn -0.976555 -0.176366 0.123434
vn -0.168012 -0.006991 -0.985760
vn -0.996566 0.071291 -0.042116
vn 0.000000 0.859115 0.511783
vn -0.959627 -0.281276 0.000000
vn -0.959627 -0.281276 0.000000
vn 0.291577 -0.555001 0.779074
vn -0.870124 -0.458847 0.179841
vn -0.963287 -0.154367 -0.219658
vn -0.828227 0.514577 0.221925
vn -0.641744 0.747393 0.171956
vn -0.641744 0.747393 0.171956
vn 0.000000 1.000000 0.000000
vn 0.989072 0.000000 -0.147434
vn 0.989072 0.000000 0.147434
vn -0.986923 -0.005523 -0.161098
vn -0.091584 -0.396961 0.913255
vn 0.276331 0.086564 -0.957156
vn 0.991564 -0.050681 0.119298
vn 0.994008 -0.094115 0.055600
vn -0.999841 -0.009794 -0.014919
vn 0.982946 0.097258 -0.156073
vn -0.017844 0.044447 -0.998852
vn 0.996566 0.071291 -0.042116
vn 0.999963 0.008578 0.000000
vn 0.999959 0.008246 -0.003832
vn -0.930255 0.039570 0.364774
vn -0.934756 0.038316 0.353217
vn 1.000000 0.000000 0.000000
vn 0.999959 0.008246 -0.003832
vn -0.999963 0.008578 0.000000
vn 0.734007 -0.679142 0.000000
vn 1.000000 0.000000 0.000000
vn -0.985307 0.068731 0.156350
vn 0.795261 0.006336 -0.606234
vn 0.795261 0.006336 -0.606234
vn 0.795261 0.006336 -0.606234
vn -0.998267 -0.021595 0.054749
vn -0.584782 -0.171406 0.792875
vn -0.795170 -0.016420 -0.606164
vn -0.795170 -0.016420 -0.606164
vn 0.999439 -0.033500 0.000000
vn 0.999439 -0.033500 0.000000
vn 1.000000 0.000000 0.000000
vn 0.999439 -0.033500 0.000000
vn -0.795170 -0.016420 -0.606164
vn 0.906073 -0.010630 0.422987
vn -0.955158 -0.295999 -0.007631
vn 0.906073 -0.010630 0.422987
vn -0.946706 0.084822 0.310730
vn -0.994008 -0.094115 0.055600
vn -0.999935 0.007331 -0.008693
vn 0.009875 -0.999935 -0.005640
vn -0.778918 -0.052698 -0.624907
vn -0.878074 -0.065356 -0.474041
vn 0.997658 0.012428 -0.067267
vn -0.565626 -0.309891 -0.764222
vn 0.000000 -1.000000 0.000000
vn -0.704435 -0.129225 -0.697905
vn -0.977327 -0.211737 0.000000
vn -0.168012 -0.006991 -0.985760
vn -0.010144 -0.999841 0.014658
vn -0.010144 -0.999841 0.014658
vn 0.177360 0.067705 0.981814
vn -0.158977 -0.987282 -0.000040
vn -0.158977 -0.987282 -0.000040
vn -0.158977 -0.987282 -0.000040
vn 0.000000 0.000000 1.000000
vn 0.000000 0.000000 1.000000
vn -0.360702 0.859770 0.361510
vn -0.360702 0.859770 0.361510
vn -0.975131 0.039591 -0.218064
vn 0.113888 -0.034573 0.992892
vn -0.055704 0.017889 0.998287
vn -0.591206 -0.315735 -0.742151
vn -0.950941 -0.118110 -0.285938
vn 0.808436 0.122425 -0.575711
vn -0.954569 -0.199318 -0.221518
vn 0.997795 0.066097 0.006036
vn -0.364774 0.039570 -0.930255
vn -0.161480 0.346174 -0.924168
vn 0.007650 -0.009549 -0.999925
vn 0.000000 0.000000 -1.000000
vn 0.653314 0.146678 -0.742742
vn 0.000000 -0.859319 0.511439
vn 0.684354 0.066422 -0.726118
vn -0.010043 0.007864 0.999919
vn -0.010043 0.007864 0.999919
vn -0.841254 0.086949 -0.533602
vn 0.623969 0.582879 -0.520495
vn 0.982569 0.079729 0.167930
vn 0.987538 0.068339 0.141768
vn 0.889020 0.011335 -0.457728
vn -0.792978 -0.596193 0.125454
vn -0.893256 0.447817 -0.039415
vn -1.000000 0.000000 0.000000
vn -0.783778 -0.169439 -0.597480
vn -0.909842 -0.414954 0.000000
vn -0.743579 -0.265359 0.613739
vn -0.813321 0.161535 -0.558942
vn -0.704367 -0.053212 0.707839
vn -0.704367 -0.053212 0.707839
vn -0.704367 -0.053212 0.707839
vn -0.298411 0.027964 0.954028
vn -0.273121 0.106365 -0.956081
vn 0.909842 -0.414954 0.000000
vn -0.743579 -0.265359 0.613739
vn -0.923555 0.383467 0.000000
vn -0.923555 0.383467 0.000000
vn -0.923555 0.383467 0.000000
vn -0.923555 0.383467 0.000000
vn -0.697898 -0.129224 -0.704442
vn -0.506907 -0.574707 -0.642462
vn 0.667052 0.221919 -0.711192
vn 0.667052 0.221919 -0.711192
vn 0.667052 0.221919 -0.711192
vn -0.615629 -0.033840 -0.787309
vn -0.826596 0.266158 -0.495883
vn -0.985754 -0.086310 -0.144359
vn -0.702620 -0.112562 0.702605
vn 0.108125 0.855867 -0.505767
vn -0.985928 0.031895 -0.164098
vn 0.829615 -0.042506 0.556716
vn 0.141768 0.068339 -0.987538
vn 0.999959 0.008246 0.003832
vn 1.000000 0.000000 0.000000
vn -0.531834 0.000000 0.846849
vn -0.776679 0.527979 0.343523
vn -0.338340 0.058516 0.939203
vn -0.587706 0.000000 0.809074
vn -0.829726 -0.063059 0.554598
vn -0.531834 0.000000 0.846849
vn -0.641750 -0.006636 0.766885
vn -0.545709 0.188012 0.816611
vn -0.776679 0.527979 0.343523
vn -0.776679 0.527979 0.343523
vn -0.000083 -0.094571 0.995518
vn -0.000083 -0.094571 0.995518
vn -0.000083 -0.094571 0.995518
vn -0.816022 0.001414 0.578018
vn -0.813972 -0.007075 0.580861
vn -0.955158 -0.295999 -0.007631
vn 0.909842 -0.414954 0.000000
vn 0.909842 -0.414954 0.000000
vn -0.957095 0.105119 0.270036
vn 0.846849 0.000000 -0.531834
vn 0.846849 0.000000 -0.531834
vn 0.000000 -0.326133 -0.945324
vn 0.950995 -0.270134 -0.150451
vn 0.707105 -0.000002 -0.707108
vn 0.679179 0.217521 -0.701000
vn 0.435091 0.788293 -0.435076
vn 0.530365 -0.830517 -0.170160
vn -0.620022 -0.781292 -0.071799
vn 0.993559 -0.111748 -0.018764
vn 0.693554 0.194930 -0.693531
vn 0.965974 0.035290 -0.256220
vn 0.693554 0.194930 -0.693531
vn 0.693554 0.194930 -0.693531
vn 1.000000 0.000000 0.000000
vn 1.000000 0.000000 0.000000
vn -0.983122 0.072072 -0.168157
vn -0.996118 -0.088022 -0.000254
vn -0.878074 -0.065356 -0.474041
vn 0.278259 0.044364 0.959481
vn -0.692365 -0.203131 0.692365
vn 0.933637 0.037563 0.356245
vn -0.996535 0.018983 -0.080983
vn 0.351224 0.576439 0.737808
vn 0.701991 -0.127895 -0.700608
vn 0.712308 0.547197 0.439537
vn 0.712308 0.547197 0.439537
vn -0.683635 0.104652 -0.722282
vn -0.161480 0.346174 -0.924168
vn 0.000000 0.000000 -1.000000
vn 0.004253 -0.009118 -0.999949
vn 0.000000 0.000000 1.000000
vn 0.840560 0.197300 -0.504512
vn -0.119523 0.774178 0.621581
vn 0.717354 0.427351 0.550249
vn -0.951306 0.240738 -0.192514
vn 0.860109 -0.055353 -0.507098
vn -0.444397 -0.186303 -0.876243
vn -0.546115 -0.183010 -0.817476
vn 0.758279 -0.409182 0.507527
vn -0.119523 0.774178 0.621581
vn 0.717354 0.427351 0.550249
vn -0.210040 -0.039577 0.976891
vn 0.995263 0.055241 0.080001
vn 0.138667 -0.194872 0.970977
vn 0.233684 0.029512 0.971865
vn 0.233684 0.029512 0.971865
vn -0.915688 -0.074513 0.394923
vn 0.758279 -0.409182 0.507527
vn 0.070148 0.100201 0.992491
vn 0.227981 -0.180614 -0.956767
vn 0.908748 -0.112359 -0.401936
vn 0.233684 0.029512 0.971865
vn 0.901946 -0.113738 -0.416603
vn -0.679869 0.118667 -0.723668
vn 0.907058 -0.030321 0.419913
vn 0.142369 -0.036737 -0.989132
vn -0.546115 -0.183010 -0.817476
vn 0.901946 -0.113738 -0.416603
vn -0.981074 -0.173118 0.086745
vn -0.679869 0.118667 -0.723668
vn 0.080001 0.055241 -0.995263
vn 0.995263 0.055241 0.080001
vn 0.971852 -0.228140 -0.058790
vn 0.497697 -0.053111 0.865723
vn 0.675047 -0.585086 0.449429
vn -0.949757 -0.166499 -0.265029
vn -0.070464 -0.035729 -0.996874
vn 1.000000 -0.000000 0.000000
vn -0.887343 -0.103990 0.449232
vn -0.896504 0.046999 -0.440535
vn -0.854169 0.126127 -0.504468
vn -0.774227 -0.071607 0.628844
vn 0.156353 -0.071764 0.985091
vn -0.678325 0.482706 0.553959
vn -0.540726 -0.034029 0.840510
vn -0.996398 -0.060188 0.059733
vn -0.606485 -0.074496 0.791597
vn -0.606972 -0.091641 0.789422
vn -0.996398 -0.060188 0.059733
vn -0.809163 -0.174071 0.561208
vn 0.080001 0.055241 -0.995263
vn 0.840560 0.197300 -0.504512
vn 0.058695 -0.267907 -0.961655
vn -0.402393 0.822290 -0.402392
vn 0.631199 -0.461436 -0.623429
vn 0.058695 -0.267907 -0.961655
vn -0.842984 0.207668 -0.496237
vn 0.995263 0.055241 0.080001
vn -0.906963 0.128451 0.401146
vn -0.902642 0.097430 0.419219
vn -0.064842 -0.037946 -0.997174
vn -0.641412 0.215995 0.736164
vn -0.679869 0.118667 -0.723668
vn -0.974750 0.000000 0.223300
vn 0.227981 -0.180614 -0.956767
vn 0.156353 -0.071764 0.985091
vn -0.372885 0.066806 0.925469
vn 0.286500 0.026873 0.957703
vn -0.402393 0.822290 -0.402392
vn 0.908748 -0.112359 -0.401936
vn 0.142369 -0.036737 -0.989132
vn 0.907058 -0.030321 0.419913
vn 0.984335 -0.176308 0.000000
vn 1.000000 0.000000 0.000000
vn 0.959692 0.252788 0.122841
vn -0.444397 -0.186303 -0.876243
vn -0.602588 0.000000 -0.798053
vn -0.602588 0.000000 -0.798053
vn -0.805368 -0.156335 0.571788
vn -0.912804 -0.102436 0.395343
vn 0.907058 -0.030321 0.419913
vn -0.995124 0.087589 0.045337
vn -0.949757 -0.166499 -0.265029
vn -0.064842 -0.037946 -0.997174
vn -0.906963 0.128451 0.401146
vn 0.832215 0.156998 -0.531762
vn 0.602285 0.000000 -0.798281
vn 0.753372 -0.108793 -0.648533
vn -0.854169 0.126127 -0.504468
vn -0.606972 -0.091641 0.789422
vn -0.805368 -0.156335 0.571788
vn -0.809163 -0.174071 0.561208
vn -0.704435 -0.129225 -0.697905
vn 0.286500 0.026873 0.957703
vn -0.737408 0.670735 -0.079654
vn 0.677206 -0.117439 0.726360
vn 0.923241 -0.085293 0.374635
vn 0.798053 0.000000 -0.602588
vn 0.664682 -0.228498 -0.711327
vn 0.631199 -0.461436 -0.623429
vn 0.812899 -0.212260 -0.542347
vn 0.753372 -0.108793 -0.648533
vn 0.602285 0.000000 -0.798281
vn 0.602285 0.000000 -0.798281
vn 0.832215 0.156998 -0.531762
vn 0.602285 0.000000 -0.798281
vn -0.540726 -0.034029 0.840510
vn -0.606972 -0.091641 0.789422
vn -0.482321 0.000000 0.875995
vn 0.542473 -0.186486 0.819113
vn 0.664682 -0.228498 -0.711327
vn -0.444397 -0.186303 -0.876243
vn -0.577438 -0.090608 -0.811391
vn 0.142369 -0.036737 -0.989132
vn 0.798053 0.000000 -0.602588
vn 0.664682 -0.228498 -0.711327
vn 0.846753 0.028089 -0.531244
vn 0.798053 0.000000 -0.602588
vn 0.672639 0.305096 -0.674146
vn -0.737408 0.670735 -0.079654
vn 0.058695 -0.267907 -0.961655
vn 0.227981 -0.180614 -0.956767
vn -0.906963 0.128451 0.401146
vn 0.908748 -0.112359 -0.401936
vn -0.949398 -0.112090 0.293392
vn -0.664683 -0.228498 0.711327
vn -0.119523 0.774178 0.621581
vn -0.336427 0.866151 0.369595
vn 0.901946 -0.113738 -0.416603
vn -0.664683 -0.228498 0.711327
vn -0.866623 -0.297920 0.400260
vn -0.641412 0.215995 0.736164
vn -0.060083 -0.039820 -0.997399
vn -0.678325 0.482706 0.553959
vn -0.457573 0.490413 0.741702
vn -0.678325 0.482706 0.553959
vn 0.381258 -0.274043 0.882917
vn -0.977335 -0.062092 0.202387
vn 0.812899 -0.212260 -0.542347
vn 0.820105 -0.167832 -0.547047
vn 0.989072 0.000002 -0.147435
vn -0.717594 0.123194 0.685480
vn -0.664683 -0.228498 0.711327
vn 0.154199 0.056774 0.986407
vn -0.907057 -0.030320 -0.419914
vn -0.944146 0.287676 -0.160718
vn 1.000000 0.000000 0.000000
vn 0.984335 -0.176308 0.000000
vn 0.860109 -0.055353 -0.507098
vn 0.889965 0.118489 -0.440367
vn -0.854169 0.126127 -0.504468
vn 0.286500 0.026873 0.957703
vn 0.156353 -0.071764 0.985091
vn 0.916649 -0.372274 0.145490
vn 0.070841 -0.278141 -0.957924
vn 0.080001 0.055241 -0.995263
vn 0.497697 -0.053111 0.865723
vn 0.497697 -0.053111 0.865723
vn 0.971852 -0.228140 -0.058790
vn -0.907057 -0.030320 -0.419914
vn 0.381258 -0.274043 0.882917
vn 0.709091 -0.036010 -0.704197
vn 0.709091 -0.036010 -0.704197
vn 0.709091 -0.036010 -0.704197
vn -0.000086 0.066007 0.997819
vn 0.999976 0.001105 0.006771
vn 0.999976 0.001105 0.006771
vn 0.999976 0.001105 0.006771
vn 0.645838 -0.603773 0.467282
vn -0.308746 -0.041678 -0.950231
vn -0.029311 0.036144 -0.998917
vn -0.687865 0.697787 -0.199836
vn -0.545081 0.022581 0.838079
vn -0.444397 -0.186302 0.876243
vn 0.572657 -0.103970 0.813176
vn 0.763216 -0.538556 -0.357013
vn 0.011682 0.189566 -0.981799
vn -0.549841 0.133513 -0.824529
vn 0.912594 -0.408868 0.000000
vn -0.999497 0.031721 0.000000
vn -0.999497 0.031721 0.000000
vn 0.912594 -0.408868 0.000000
vn 0.763216 -0.538556 -0.357013
vn 0.540726 -0.034029 0.840510
vn -0.080001 0.055241 -0.995263
vn 0.871270 -0.023554 0.490238
vn 0.751353 0.088212 -0.653978
vn 0.183198 -0.062303 -0.981100
vn 0.751353 0.088212 -0.653978
vn -0.152657 -0.188849 0.970068
vn 0.080001 0.055241 0.995263
vn 0.229294 -0.153180 -0.961228
vn -0.939922 -0.075784 0.332871
vn -0.841664 -0.088126 -0.532762
vn 0.835937 -0.499615 -0.227142
vn -0.342797 0.345996 -0.873371
vn -0.687865 0.697787 -0.199836
vn 0.560819 0.031410 -0.827342
vn 0.368791 -0.018674 -0.929325
vn -0.419914 -0.030320 -0.907057
vn -0.901946 -0.113738 -0.416603
vn 0.751353 0.088212 -0.653978
vn 0.000000 0.000000 1.000000
vn 0.000000 -0.211737 0.977327
vn 0.000000 -0.211737 0.977327
vn 0.000000 0.000000 1.000000
vn -0.995263 0.055241 0.080001
vn 0.434596 -0.030228 0.900118
vn 0.606485 -0.074496 0.791597
vn 0.058786 -0.228141 -0.971852
vn -0.080001 0.055241 -0.995263
vn -0.153835 0.192244 -0.969215
vn -0.029311 0.036144 -0.998917
vn 0.970666 0.109882 -0.213856
vn -0.975243 0.008522 -0.220973
vn 0.137078 0.467631 -0.873230
vn -0.975243 0.008522 -0.220973
vn -0.029311 0.036144 -0.998917
vn -0.153835 0.192244 -0.969215
vn 0.137078 0.467631 -0.873230
vn 0.080001 0.055241 0.995263
vn -0.995263 0.055241 0.080001
vn -0.996398 -0.060188 -0.059733
vn -0.998270 0.058794 0.000000
vn -0.606485 -0.074496 -0.791597
vn -0.540533 0.038546 -0.840439
vn -0.080001 0.055241 -0.995263
vn -0.515053 0.013691 0.857049
vn 0.506492 -0.018562 0.862045
vn 0.993596 0.080093 -0.079696
vn 0.979679 0.098206 0.174885
vn -0.419914 -0.030320 -0.907057
vn -0.513553 -0.110582 0.850902
vn -0.602587 0.000000 0.798053
vn -0.981676 -0.190559 0.000000
vn -0.994937 0.019659 -0.098556
vn 0.572657 -0.103970 0.813176
vn 0.080001 0.055241 0.995263
vn -0.308746 -0.041678 -0.950231
vn 0.866623 -0.297920 0.400260
vn 0.976891 -0.039577 -0.210040
vn -0.901946 -0.113738 -0.416603
vn -0.419914 -0.030320 -0.907057
vn -0.981676 -0.190559 0.000000
vn -0.481216 0.073271 -0.873535
vn -0.506907 -0.574707 -0.642462
vn -0.998270 0.058794 0.000000
vn -0.977327 -0.211737 0.000000
vn -1.000000 0.000000 0.000000
vn -0.977327 -0.211737 0.000000
vn -1.000000 0.000000 0.000000
vn 0.990849 0.105279 0.084464
vn -0.874790 0.085974 0.476814
vn 0.992491 0.100201 0.070148
vn 0.765006 -0.262987 0.587880
vn -0.403129 -0.544442 -0.735575
vn -0.540533 0.038546 -0.840439
vn -0.602285 0.000000 -0.798281
vn -0.540726 -0.034029 -0.840510
vn -0.482321 0.000000 -0.875995
vn 0.606972 -0.091641 0.789422
vn 0.540726 -0.034029 0.840510
vn 0.482321 0.000000 0.875995
vn -0.939922 -0.075784 0.332871
vn -0.955818 -0.168661 0.240758
vn -0.866169 -0.152842 -0.475805
vn -0.513553 -0.110582 0.850902
vn 0.572657 -0.103970 0.813176
vn -0.841664 -0.088126 -0.532762
vn -0.798053 0.000000 -0.602587
vn 0.500079 -0.334079 -0.798944
vn -0.564218 0.703925 0.431448
vn 0.765006 -0.262987 0.587880
vn -0.901946 -0.113738 -0.416603
vn 0.506492 -0.018562 0.862045
vn 0.506492 -0.018562 0.862045
vn 0.137078 0.467631 -0.873230
vn 0.183198 -0.062303 -0.981100
vn 0.560819 0.031410 -0.827342
vn -0.697898 -0.129224 -0.704442
vn 0.998270 0.058794 0.000000
vn 0.154015 0.059798 0.986257
vn 0.645838 -0.603773 0.467282
vn 0.998270 0.058794 0.000000
vn 0.664683 -0.228498 0.711327
vn -0.687865 0.697787 -0.199836
vn -0.944146 0.287676 0.160718
vn -0.570207 0.030167 0.820947
vn -0.545081 0.022581 0.838079
vn 0.997566 -0.033766 0.061013
vn -0.944146 0.287676 0.160718
vn -0.540726 -0.034029 -0.840510
vn 0.987336 0.024710 0.156709
vn -0.308746 -0.041678 -0.950231
vn -0.957924 -0.278143 0.070844
vn -0.995263 0.055241 0.080001
vn -0.975243 0.008522 -0.220973
vn 0.017891 0.034847 -0.999232
vn -0.999497 0.031721 0.000000
vn 0.999775 -0.021202 0.000003
vn 0.253627 0.199276 0.946553
vn -0.337042 0.114476 0.934504
vn -0.030754 0.273377 -0.961415
vn 0.829585 -0.375225 -0.413515
vn 0.025142 0.298455 -0.954092
vn 0.992856 0.039805 -0.112486
vn 0.965701 -0.021534 0.258764
vn -0.000000 0.000000 1.000000
vn 0.043150 0.328568 0.943494
vn -0.000000 0.000000 1.000000
vn -0.829080 -0.142196 -0.540747
vn 0.764702 -0.583172 -0.274120
vn 0.514460 -0.620859 -0.591494
vn -0.892014 -0.274077 0.359435
vn -0.965087 -0.174456 0.195377
vn -0.318349 0.068151 0.945521
vn -0.163027 0.013716 0.986526
vn 0.278346 0.036745 0.959778
vn -0.968795 -0.063483 0.239597
vn 0.705060 -0.076038 -0.705060
vn 0.342122 0.076262 -0.936556
vn 0.955192 -0.020617 -0.295267
vn 0.192541 0.145942 0.970376
vn -0.940340 0.087419 0.328814
vn -0.591206 -0.315735 -0.742151
vn -0.815969 -0.110501 0.567437
vn 0.886212 -0.027324 -0.462474
vn -0.318349 0.068151 0.945521
vn 0.996112 -0.030157 -0.082773
vn -0.604658 0.195799 0.772044
vn 0.537276 -0.364735 0.760462
vn 0.081251 -0.169517 0.982172
vn 0.314881 -0.168658 -0.934026
vn 0.965495 -0.029855 -0.258705
vn 0.933637 0.037563 0.356245
vn 0.147833 -0.004633 -0.989001
vn 0.839235 -0.210719 -0.501281
vn 0.884916 -0.121667 0.449578
vn 0.910095 0.046706 -0.411759
vn 0.858483 -0.124123 -0.497594
vn -0.256804 0.124733 -0.958381
vn -0.747605 -0.056036 0.661775
vn 0.107516 -0.014808 -0.994093
vn -0.281633 0.078688 0.956290
vn 0.890014 -0.047226 0.453481
vn 0.603403 0.360919 -0.711085
vn 0.006528 0.139087 -0.990259
vn -0.610732 -0.040173 -0.790818
vn -0.877630 0.090787 -0.470663
vn -0.950941 -0.118110 -0.285938
vn -0.033630 -0.068109 0.997111
vn 0.825916 -0.092187 0.556205
vn 0.856709 -0.146277 0.494625
vn 0.537276 -0.364735 0.760462
vn 0.018312 -0.114367 0.993270
vn -0.829080 -0.142196 -0.540747
vn -0.824901 0.476340 0.304365
vn -0.829080 -0.142196 -0.540747
vn 0.697107 -0.477403 -0.534909
vn 0.025142 0.298455 -0.954092
vn -0.956558 -0.291543 -0.000002
vn 0.007587 0.396670 -0.917930
vn 0.907283 -0.030587 0.419408
vn -0.621004 0.000000 -0.783807
vn -0.468780 -0.167723 -0.867245
vn -0.983747 -0.067495 -0.166393
vn -0.591206 -0.315735 -0.742151
vn 0.025142 0.298455 -0.954092
vn -0.980340 -0.127511 0.150579
vn 0.368610 -0.244466 0.896863
vn -0.909275 0.097247 0.404676
vn 0.342122 0.076262 -0.936556
vn 0.806125 -0.205845 -0.554789
vn 0.187237 -0.136584 -0.972773
vn 0.625465 -0.369802 -0.687051
vn -0.350722 -0.257760 -0.900308
vn -0.017844 0.044447 -0.998852
vn -0.826596 0.266158 -0.495883
vn -0.448340 0.258534 0.855658
vn -0.954008 -0.156599 0.255628
vn 0.825916 -0.092187 0.556205
vn 0.884916 -0.121667 0.449578
vn -0.361645 0.238508 0.901292
vn -0.330329 0.117920 0.936471
vn 0.367917 0.030275 0.929366
vn -0.824901 0.476340 0.304365
vn 0.192541 0.145942 0.970376
vn 0.829585 -0.375225 -0.413515
vn 0.043150 0.328568 0.943494
vn 0.129981 0.091478 0.987287
vn -0.980340 -0.127511 0.150579
vn 0.906360 -0.114289 0.406754
vn 0.963132 -0.076037 0.258060
vn -0.500245 0.019757 0.865658
vn -0.892014 -0.274077 0.359435
vn -0.000000 0.000000 1.000000
vn 0.043150 0.328568 0.943494
vn -0.824901 0.476340 0.304365
vn 0.985970 0.147247 0.078624
vn 0.000000 0.382716 -0.923866
vn -0.990985 -0.123579 -0.051740
vn -0.514501 0.132132 0.847248
vn -0.946046 0.323888 -0.009703
vn -0.946046 0.323888 -0.009703
vn -0.946046 0.323888 -0.009703
vn -0.949736 -0.287062 -0.124890
vn -0.427248 0.139949 0.893238
vn 0.752279 -0.126697 0.646548
vn -0.959510 0.199346 0.199003
vn -0.649745 0.537972 0.537045
vn -0.959510 0.199346 0.199003
vn -0.847107 0.000000 0.531422
vn -0.522378 0.062529 -0.850418
vn -0.322609 -0.080030 -0.943143
vn -0.914336 0.143797 0.378567
vn 0.086088 -0.107314 0.990491
vn 0.086088 -0.107314 0.990491
vn 0.903788 0.097904 -0.416633
vn -0.322609 -0.080030 -0.943143
vn -0.322609 -0.080030 -0.943143
vn 0.278694 0.300161 -0.912268
vn -0.427248 0.139949 0.893238
vn 0.635524 -0.021426 0.771783
vn -0.988999 -0.091426 0.116289
vn -0.959510 0.199346 0.199003
vn -0.847107 0.000000 0.531422
vn -0.649745 0.537972 0.537045
vn -0.847107 0.000000 0.531422
vn -0.427248 0.139949 0.893238
vn 0.695221 -0.072449 0.715135
vn -0.649745 0.537972 0.537045
vn -0.522378 0.062529 -0.850418
vn 0.695221 -0.072449 0.715135
vn 0.647984 -0.277067 0.709472
vn -0.953715 -0.098896 -0.283985
vn -0.953715 -0.098896 -0.283985
vn -0.522378 0.062529 -0.850418
vn 0.903788 0.097904 -0.416633
vn 0.156630 -0.040194 0.986839
vn -0.895121 -0.044316 -0.443616
vn -0.953715 -0.098896 -0.283985
vn -0.004782 0.322170 0.946670
vn -0.004782 0.322170 0.946670
vn -0.004782 0.322170 0.946670
vn -0.730586 0.423452 -0.535660
vn -0.519810 0.243261 -0.818915
vn -0.620022 -0.781292 -0.071799
vn 0.987538 0.068339 0.141768
vn 0.364971 0.100934 0.925532
vn -0.999841 -0.009794 -0.014919
vn -1.000000 0.000000 0.000000
vn 0.999935 0.007040 -0.008989
vn 0.000108 -0.906251 -0.422740
vn -0.722282 0.104652 0.683635
vn 0.923293 0.011442 -0.383925
vn 0.923293 0.011442 -0.383925
vn -0.132957 -0.070754 -0.988593
vn -0.132957 -0.070754 -0.988593
vn 0.923293 0.011442 -0.383925
vn -0.033206 -0.999397 0.010160
vn 0.936721 -0.108073 -0.332978
vn 0.982569 0.079729 0.167930
vn 0.996632 0.070601 0.041708
vn 0.053646 0.412442 -0.909403
vn 0.878074 -0.065356 0.474041
vn 0.778918 -0.052698 0.624907
vn 0.009698 -0.999936 -0.005826
vn -0.996535 0.018983 -0.080983
vn -0.985464 0.008891 -0.169649
vn -0.985464 0.008891 -0.169649
vn 0.884396 -0.404621 -0.232649
vn 0.973776 0.184902 0.132555
vn 0.681487 0.617062 0.393460
vn 0.973776 0.184902 0.132555
vn 0.291789 0.133077 0.947180
vn -0.623485 0.032939 0.781141
vn 0.999660 -0.022449 0.013262
vn -0.925532 0.100934 0.364971
vn 1.000000 0.000000 0.000000
vn 0.999935 0.007040 0.008989
vn 1.000000 0.000000 0.000000
vn 0.994811 0.057828 -0.083707
vn -0.009875 -0.999935 0.005640
vn 0.058786 -0.228141 -0.971852
vn 0.645838 -0.603773 0.467282
vn 0.434596 -0.030228 0.900118
vn 0.989072 0.000002 -0.147435
vn 0.989072 0.000002 0.147435
vn -0.996535 0.018983 -0.080983
vn -0.626558 0.036526 0.778519
vn 0.786275 -0.134247 0.603116
vn -0.119716 -0.080757 0.989518
vn 0.825916 -0.092187 0.556205
vn 0.111943 0.008022 0.993682
vn 0.557312 -0.095128 -0.824836
vn -0.168012 -0.006991 -0.985760
vn 0.595873 -0.078794 0.799204
vn -0.030754 0.273377 -0.961415
vn -0.030754 0.273377 -0.961415
vn 0.159366 -0.080299 -0.983948
vn 0.632024 -0.363751 -0.684274
vn -0.439027 -0.175974 -0.881072
vn 0.004782 0.322171 -0.946670
vn 0.004782 0.322171 -0.946670
vn 0.004782 0.322171 -0.946670
vn 0.985474 -0.085775 -0.146573
vn 0.950995 -0.270134 -0.150451
vn 0.954564 -0.043395 -0.294829
vn 0.770858 0.166482 -0.614867
vn 0.954868 0.067732 0.289204
vn 0.000086 0.066001 -0.997820
vn 0.000086 0.066001 -0.997820
vn 0.000079 0.066006 -0.997819
vn -0.976667 0.120369 0.177855
vn 0.976667 0.120369 0.177854
vn 0.996212 0.031524 0.081040
vn -0.115812 0.988546 -0.096768
vn -0.704435 -0.129225 -0.697905
vn -0.531834 0.000000 0.846849
vn 0.846849 0.000000 -0.531834
vn 0.058786 -0.228141 -0.971852
vn 0.971852 -0.228140 -0.058790
vn -0.044410 -0.998757 -0.022628
vn -0.033206 -0.999397 0.010160
vn -0.132957 -0.070754 -0.988593
vn -0.115812 0.988546 -0.096768
vn -0.981872 0.033699 0.186526
vn -0.791358 -0.051783 0.609156
vn 0.781823 -0.440967 -0.440796
vn 0.781823 -0.440967 -0.440796
vn -0.981872 0.033699 0.186526
vn -0.809973 0.007718 0.586416
vn 0.781823 -0.440967 -0.440796
vn 0.785751 0.077328 -0.613691
vn -0.810573 -0.014086 0.585469
vn -0.995263 0.055241 -0.080001
vn -0.816489 0.000882 0.577361
vn -0.986485 0.060122 -0.152422
vn -0.963904 -0.236014 0.123233
vn 0.838234 0.524311 0.149872
vn 0.061668 -0.000006 -0.998097
vn 0.148205 0.069724 -0.986496
vn 0.531834 0.000000 -0.846849
vn 0.486944 -0.301490 -0.819750
vn 0.091212 -0.048435 -0.994653
vn 0.486944 -0.301490 -0.819750
vn 0.913713 0.065015 0.401126
vn 0.531834 0.000000 -0.846849
vn 0.148205 0.069724 -0.986496
vn -0.031442 -0.840634 0.540690
vn 0.447537 0.872083 -0.197943
vn -0.963904 -0.236014 0.123233
vn 0.838234 0.524311 0.149872
vn -0.963904 -0.236014 0.123233
vn 0.996566 0.071291 -0.042116
vn 0.996566 0.071291 -0.042116
vn 0.070841 -0.278141 -0.957924
vn -0.957924 -0.278143 0.070844
vn 0.012208 -0.999925 0.000856
vn 0.012208 -0.999925 0.000856
vn 0.012208 -0.999925 0.000856
vn 0.707888 0.068706 -0.702975
vn -0.010043 0.007864 0.999919
vn 0.205149 0.077098 -0.975689
vn -0.364774 0.039570 -0.930255
vn 0.000000 0.008578 -0.999963
vn 0.000000 0.008578 0.999963
vn 0.007384 -0.009217 -0.999930
vn -0.067267 0.012428 -0.997658
vn 0.998287 0.017889 0.055704
vn 0.278346 0.036745 0.959778
vn -0.937885 -0.258010 0.231953
vn -0.968795 -0.063483 0.239597
vn -0.976555 -0.176366 0.123434
vn -0.500245 0.019757 0.865658
vn -0.326326 0.022125 -0.944998
vn -0.080898 -0.023485 -0.996446
vn -0.999439 -0.033500 0.000000
vn -0.999439 -0.033500 0.000000
vn -0.999439 -0.033500 0.000000
vn 0.892741 -0.066623 -0.445617
vn -0.959627 -0.281276 0.000000
vn -0.951565 -0.106104 0.288557
vn 0.867364 0.181564 -0.463373
vn 0.743579 -0.265359 -0.613739
vn 0.998357 -0.057306 0.000000
vn 0.996624 0.028238 0.077094
vn 0.998357 -0.057306 0.000000
vn 0.814755 -0.082868 0.573854
vn 0.943183 0.093548 0.318834
vn 0.814755 -0.082868 0.573854
vn 0.967559 -0.252644 0.000000
vn 0.967559 -0.252644 0.000000
vn 0.989072 0.000002 0.147435
vn 0.919047 0.161972 0.359330
vn 0.814755 -0.082868 0.573854
vn 0.704442 -0.129224 -0.697898
vn 0.704367 -0.053212 -0.707839
vn 0.704367 -0.053212 -0.707839
vn 0.704367 -0.053212 -0.707839
vn 0.997974 0.063620 0.000108
vn 0.997974 0.063620 0.000108
vn 0.758279 -0.409182 0.507527
vn -0.907057 -0.030320 -0.419914
vn 0.860109 -0.055353 -0.507098
vn -0.114949 0.928237 0.353783
vn -0.402393 0.822290 -0.402392
vn -0.704197 -0.036010 -0.709091
vn -0.704197 -0.036010 -0.709091
vn -0.704197 -0.036010 -0.709091
vn 0.997795 0.066097 0.006036
vn -0.973856 -0.096411 0.205693
vn 0.023242 -0.165622 0.985915
vn 0.946670 0.322170 0.004782
vn 0.946670 0.322170 0.004782
vn 0.946670 0.322170 0.004782
vn 0.854109 -0.125948 -0.504613
vn 0.907283 -0.030587 0.419408
vn -0.937885 -0.258010 0.231953
vn 0.856684 -0.124878 -0.500497
vn -0.537033 0.030593 0.843006
vn 0.907283 -0.030587 0.419408
vn -0.997658 0.012428 0.067267
vn -0.256804 0.124733 -0.958381
vn 1.000000 0.000000 0.000000
vn 0.138516 0.977015 -0.162036
vn -0.697487 0.058924 0.714171
vn -0.325772 -0.089780 -0.941176
vn -0.297702 0.000415 -0.954659
vn -0.293070 0.133935 -0.946663
vn 0.435091 0.788293 -0.435076
vn 0.435091 0.788293 -0.435076
vn -0.752110 -0.021440 0.658689
vn 0.994811 0.057828 -0.083707
vn -0.997658 0.012428 0.067267
vn 0.906073 -0.010630 0.422987
vn -0.315474 0.104300 0.943185
vn 0.959837 -0.104232 -0.260479
vn 0.917689 -0.074625 -0.390228
vn -0.955158 -0.295999 -0.007631
vn 0.986762 -0.084008 0.138724
vn 0.000000 1.000000 0.000000
vn -0.962720 -0.025740 0.269271
vn -0.952147 -0.015936 0.305225
vn -0.952147 -0.015936 0.305225
vn -0.724326 0.028472 -0.688870
vn 0.158977 -0.987282 -0.000040
vn 0.158977 -0.987282 -0.000040
vn 0.158977 -0.987282 -0.000040
vn 0.000000 0.859115 0.511783
vn -0.214391 0.976748 0.000000
vn 0.214390 0.976748 0.000000
vn 0.000000 0.859115 0.511783
vn 0.010144 -0.999841 -0.014658
vn 0.010144 -0.999841 -0.014658
vn 0.889064 -0.123045 0.440937
vn 0.906360 -0.114289 0.406754
vn -0.010144 -0.999841 0.014658
vn 0.010081 -0.999934 -0.005425
vn 0.111798 0.019364 0.993542
vn 0.246073 0.075604 0.966298
vn -0.985464 0.008891 -0.169649
vn 0.224380 -0.270821 -0.936114
vn 0.486944 -0.301490 -0.819750
vn 0.985464 0.008891 0.169649
vn 0.985464 0.008891 0.169649
vn 0.998287 0.017889 0.055704
vn 0.511439 -0.859319 0.000000
vn 1.000000 0.000000 0.000000
vn 0.511439 -0.859319 0.000000
vn 0.996118 -0.088022 0.000254
vn -0.605218 0.012024 0.795969
vn 0.000000 1.000000 0.000000
vn -0.997820 0.066001 -0.000086
vn -0.997819 0.066006 -0.000079
vn -0.997820 0.066001 -0.000086
vn -0.982943 0.097282 0.156072
vn 0.996632 0.070601 0.041708
vn 0.996632 0.070601 0.041708
vn 0.256803 0.124733 0.958381
vn -0.815969 -0.110501 0.567437
vn -0.370697 0.145805 -0.917238
vn 0.007587 0.396670 -0.917930
vn 0.933637 0.037563 0.356245
vn -0.318939 -0.116365 0.940605
vn 0.921028 0.000649 0.389496
vn 0.948604 0.032745 0.314766
vn -0.724326 0.028472 -0.688870
vn -0.941343 -0.007041 0.337377
vn -0.724326 0.028472 -0.688870
vn 0.999919 0.007864 -0.010043
vn 1.000000 0.000000 0.000000
vn 0.999942 0.006667 -0.008515
vn 0.977222 -0.065515 -0.201855
vn 0.172903 -0.028981 0.984512
vn -0.056508 -0.064591 0.996311
vn -0.951565 -0.106104 0.288557
vn 0.999043 -0.037666 -0.022252
vn 0.734007 -0.679142 0.000000
vn 0.734007 -0.679142 0.000000
vn 0.734007 -0.679142 0.000000
vn 0.994187 -0.062965 0.087331
vn 0.991999 -0.070184 0.104938
vn -0.835541 0.307947 -0.455016
vn -0.835541 0.307947 -0.455016
vn -0.805368 -0.156335 0.571788
vn -0.981676 -0.190559 0.000000
vn -0.644792 -0.598212 -0.475800
vn -0.997658 0.012428 0.067267
vn -0.976555 -0.176366 0.123434
vn -0.295144 0.040816 0.954581
vn -0.585874 0.007690 0.810366
vn -0.792981 0.596190 0.125455
vn -0.295202 0.032896 0.954868
vn -0.428739 0.096215 0.898290
vn 0.000000 1.000000 0.000000
vn -0.009698 -0.999936 0.005826
vn 0.998083 -0.061889 -0.000253
vn 0.270036 0.105119 0.957095
vn -0.792978 -0.596193 0.125454
vn -0.071142 -0.201684 -0.976864
vn 0.706824 0.028400 -0.706819
vn -0.747605 -0.056036 0.661775
vn -0.315474 0.104300 0.943185
vn -0.950941 -0.118110 -0.285938
vn 0.999439 -0.033496 0.000000
vn -1.000000 0.000000 0.000000
vn 0.999439 -0.033496 0.000000
vn 0.584782 -0.171406 -0.792875
vn 0.999439 -0.033496 0.000000
vn 1.000000 0.000000 0.000000
vn 0.337490 -0.121697 -0.933429
vn 0.997974 0.063620 0.000108
vn 0.997795 0.066097 0.006036
vn 0.982946 0.097258 -0.156073
vn -0.012208 -0.999925 -0.000856
vn -0.012208 -0.999925 -0.000856
vn -0.012208 -0.999925 -0.000856
vn -0.985307 0.068731 0.156350
vn -0.517828 -0.053697 -0.853798
vn -0.517828 -0.053697 -0.853798
vn -0.778918 -0.052698 0.624907
vn -0.878074 -0.065356 0.474041
vn -0.878074 -0.065356 0.474041
vn -0.877580 0.036672 -0.478025
vn -0.906073 -0.010630 -0.422987
vn -0.877580 0.036672 -0.478025
vn -0.531834 0.000000 -0.846849
vn 0.631199 -0.461436 -0.623429
vn 0.812899 -0.212260 -0.542347
vn 0.967559 -0.252644 0.000000
vn 0.554288 0.546104 0.628121
vn -0.957156 0.086564 -0.276331
vn 0.074617 0.006182 0.997193
vn 0.258789 -0.014847 0.965820
vn 0.074617 0.006182 0.997193
vn 0.074617 0.006182 0.997193
vn 0.172903 -0.028981 0.984512
vn 0.000000 0.000000 1.000000
vn 0.008515 0.006667 0.999942
vn -0.008989 0.007040 0.999935
vn 0.000000 0.000000 1.000000
vn 0.000000 0.000000 1.000000
vn 0.683635 0.104652 -0.722282
vn -0.564218 0.703925 -0.431448
vn -0.564218 0.703925 -0.431448
vn 0.707839 -0.053212 0.704367
vn 0.707839 -0.053212 0.704367
vn 0.707839 -0.053212 0.704367
vn -0.000079 0.066001 0.997820
vn -0.000079 0.066001 0.997820
vn 0.886212 -0.027324 -0.462474
vn 0.603403 0.360919 -0.711085
vn 0.856684 -0.124878 -0.500497
vn -0.892014 -0.274077 0.359435
vn -0.621004 0.000000 -0.783807
vn -0.532862 0.000000 -0.846202
vn -0.606926 -0.027641 -0.794278
vn 0.871270 -0.023554 0.490238
vn 0.991280 0.031522 0.127943
vn 0.970658 0.006998 0.240361
vn 0.940925 0.037077 0.336579
vn 0.991999 -0.070184 0.104938
vn 0.138667 -0.194872 0.970977
vn 0.996212 0.031524 0.081040
vn -0.994811 0.057828 0.083707
vn 0.786792 0.145684 -0.599778
vn -0.013251 -0.998974 0.043310
vn 0.380764 0.888773 0.255149
vn 0.992938 0.039043 -0.112028
vn -0.017844 0.044447 -0.998852
vn 0.116197 0.034407 0.992630
vn 0.786275 -0.134247 0.603116
vn 0.910095 0.046706 -0.411759
vn -0.318939 -0.116365 0.940605
vn -0.500245 0.019757 0.865658
vn 0.869975 0.263023 -0.417088
vn -0.000040 -0.987282 0.158977
vn 0.511783 0.859115 0.000000
vn 0.869975 0.263023 -0.417088
vn 0.766855 0.255860 0.588615
vn -0.000040 -0.987282 0.158977
vn -0.000040 -0.987282 0.158977
vn 0.214390 0.976748 0.000000
vn 0.950945 -0.218939 -0.218561
vn 0.511783 0.859115 0.000000
vn -0.156350 0.068731 -0.985307
vn 0.000000 -0.281276 -0.959627
vn 0.066844 -0.018956 -0.997583
vn 0.066844 -0.018956 -0.997583
vn 0.000856 -0.999925 -0.012208
vn 0.000856 -0.999925 -0.012208
vn 0.000856 -0.999925 -0.012208
vn 0.982278 0.074719 0.171893
vn -0.606164 -0.016420 0.795170
vn 0.903702 -0.082954 0.420049
vn -0.606164 -0.016420 0.795170
vn 0.000000 -0.033496 0.999439
vn 0.000000 -0.033496 0.999439
vn 0.000000 0.000000 1.000000
vn 0.000000 -0.033496 0.999439
vn 0.869975 0.263023 -0.417088
vn -0.606164 -0.016420 0.795170
vn -0.000040 -0.987282 -0.158977
vn 0.000000 -0.281276 -0.959627
vn 0.000000 -0.281276 -0.959627
vn 0.214390 0.976748 -0.000000
vn -0.014658 -0.999841 -0.010144
vn 0.835541 0.307947 0.455016
vn 0.988055 0.086371 0.127620
vn -1.000000 0.000000 0.000000
vn -0.986923 -0.005523 0.161098
vn 0.158977 -0.987282 0.000040
vn 0.053646 0.412442 -0.909403
vn 0.142218 -0.987875 -0.062258
vn 0.053646 0.412442 -0.909403
vn -0.229788 0.179919 0.956466
vn 0.134547 -0.986813 -0.089984
vn -0.300293 -0.490024 0.818353
vn -0.158977 -0.987282 0.000040
vn -0.300293 -0.490024 0.818353
vn 0.142218 -0.987875 -0.062258
vn -0.517828 -0.053697 -0.853798
vn -0.926234 -0.099709 -0.363522
vn -0.975942 0.216948 -0.021682
vn -0.706738 0.356197 -0.611266
vn -0.893256 0.447817 -0.039415
vn -0.846849 0.000000 -0.531834
vn -0.975942 0.216948 -0.021682
vn -0.708014 0.006929 -0.706164
vn -0.954571 0.001023 -0.297983
vn 0.333254 -0.310691 0.890176
vn -0.950924 0.008655 -0.309303
vn -0.895495 -0.049726 -0.442284
vn -0.846849 0.000000 -0.531834
vn 0.027541 0.437828 -0.898637
vn -0.018069 -0.999621 0.020774
vn 0.333254 -0.310691 0.890176
vn 0.027541 0.437828 -0.898637
vn 0.333254 -0.310691 0.890176
vn 0.027541 0.437828 -0.898637
vn 0.279252 0.960218 0.000000
vn 0.279252 0.960218 0.000000
vn 0.279252 0.960218 0.000000
vn 0.279252 0.960218 0.000000
vn -0.909403 0.412442 -0.053646
vn 0.000000 0.000000 -1.000000
vn -0.883422 0.308071 0.353069
vn -0.883422 0.308071 0.353069
vn -0.838420 0.544351 -0.027085
vn -0.214391 0.976748 0.000000
vn -0.883422 0.308071 0.353069
vn 0.156073 0.097258 0.982946
vn 0.156073 0.097258 0.982946
vn -0.081040 0.031524 0.996212
vn -0.081040 0.031524 0.996212
vn -0.041600 -0.996599 0.071137
vn -0.921231 0.207505 -0.329051
vn -0.921231 0.207505 -0.329051
vn -0.776663 0.624654 0.081249
vn 1.000000 0.000000 0.000000
vn -0.041600 -0.996599 0.071137
vn 0.000000 -0.033500 0.999439
vn 0.598138 0.003620 0.801385
vn 0.000000 0.000000 1.000000
vn 0.000000 -0.033500 0.999439
vn -0.041600 -0.996599 0.071137
vn 0.598138 0.003620 0.801385
vn -0.776663 0.624654 0.081249
vn -0.214391 0.976748 -0.000000
vn -0.921231 0.207505 -0.329051
vn 0.598138 0.003620 0.801385
vn 1.000000 0.000000 0.000000
vn -0.865031 -0.501718 0.000000
vn 0.000000 -0.281276 0.959627
vn 0.277314 0.109384 0.954532
vn 0.000000 -0.033500 0.999439
vn 0.001075 -0.999925 0.012210
vn 0.001075 -0.999925 0.012210
vn 0.001075 -0.999925 0.012210
vn 0.014658 -0.999841 0.010144
vn 0.605218 0.012024 -0.795969
vn 0.014658 -0.999841 0.010144
vn 0.164094 -0.366941 -0.915657
vn 0.014658 -0.999841 0.010144
vn 0.419443 -0.171417 -0.891450
vn 0.419443 -0.171417 -0.891450
vn -0.613739 -0.265359 -0.743579
vn 0.000000 -0.033496 -0.999439
vn 0.000000 -0.033496 -0.999439
vn 0.620428 0.005488 -0.784244
vn -0.123869 -0.209674 -0.969893
vn 0.620428 0.005488 -0.784244
vn 0.000000 -0.033496 -0.999439
vn 0.000000 -0.414954 -0.909842
vn -0.613739 -0.265359 -0.743579
vn 0.620428 0.005488 -0.784244
vn -0.792875 -0.171406 -0.584782
vn -0.457728 0.011335 -0.889020
vn -0.457728 0.011335 -0.889020
vn -0.457728 0.011335 -0.889020
vn 0.177360 0.067705 0.981814
vn -0.259638 -0.108189 0.959627
vn -0.008693 0.007331 0.999935
vn -0.005640 -0.999935 -0.009875
vn 0.083707 0.057828 0.994811
vn -0.005826 -0.999936 -0.009698
vn -0.005640 -0.999935 -0.009875
vn 0.083707 0.057828 0.994811
vn 0.156072 0.097282 0.982943
vn -0.081040 0.031524 0.996212
vn 0.000000 -0.281276 0.959627
vn 0.000000 -0.281276 0.959627
vn -0.422987 -0.010630 0.906073
vn -0.422987 -0.010630 0.906073
vn -0.422987 -0.010630 0.906073
vn -0.113888 -0.034573 -0.992892
vn -0.756492 -0.298075 -0.582127
vn -0.067267 0.012428 -0.997658
vn -0.067267 0.012428 -0.997658
vn 0.909842 -0.414954 0.000000
vn 0.743579 -0.265359 -0.613739
vn 0.000000 -0.176308 0.984335
vn 0.000000 -0.211737 0.977327
vn -0.971698 -0.132402 0.195635
vn 1.000000 0.000000 0.000000
vn 1.000000 0.000000 0.000000
vn 0.000000 0.000000 1.000000
vn 0.010043 0.007864 0.999919
vn 0.010043 0.007864 0.999919
vn -0.818833 0.085275 0.567662
vn -0.281925 0.048663 0.958202
vn -0.818833 0.085275 0.567662
vn -0.809546 0.055315 -0.584445
vn 0.000000 0.008578 0.999963
vn -0.003832 0.008246 0.999959
vn -0.003597 0.007740 0.999964
vn 0.000000 0.008578 -0.999963
vn 0.364774 0.039570 -0.930255
vn 0.353614 0.058727 -0.933546
vn 0.531834 0.000000 0.846849
vn 0.531834 0.000000 0.846849
vn -0.580715 0.812698 0.047871
vn 0.730240 0.353520 0.584614
vn 0.619549 -0.278027 0.734071
vn -0.833807 0.512292 -0.205724
vn 0.264719 0.834557 -0.483156
vn 0.354528 -0.195377 0.914406
vn 0.359861 -0.849068 0.386761
vn 0.712584 -0.034407 0.700742
vn 0.359861 -0.849068 0.386761
vn 0.712584 -0.034407 0.700742
vn 0.359861 -0.849068 0.386761
vn 0.322765 -0.039125 0.945670
vn -0.792978 -0.596193 0.125454
vn -0.833807 0.512292 -0.205724
vn -0.942097 -0.250051 0.223447
vn 0.432175 -0.257338 0.864293
vn 0.295557 0.000000 0.955325
vn 0.399546 0.074303 0.913697
vn -0.922476 0.164044 0.349467
vn 0.712584 -0.034407 0.700742
vn -0.922476 0.164044 0.349467
vn 0.095664 -0.257049 -0.961652
vn -0.922476 0.164044 0.349467
vn -0.997819 0.066006 -0.000079
vn -0.997819 0.066004 -0.000083
vn -0.909275 0.097247 0.404676
vn -0.963128 -0.076041 -0.258075
vn -0.994811 0.057828 0.083707
vn -0.474041 -0.065356 0.878074
vn -0.624907 -0.052698 0.778918
vn -0.474041 -0.065356 0.878074
vn -0.000254 -0.088022 0.996118
vn -0.055704 0.017889 0.998287
vn -0.042116 0.071291 0.996566
vn -0.042116 0.071291 0.996566
vn 0.435022 0.000000 0.900420
vn 0.051704 0.106185 0.993001
vn -0.238815 -0.160754 0.957667
vn -0.238815 -0.160754 0.957667
vn -0.156509 0.005533 -0.987661
vn 0.005794 -0.999932 0.010084
vn 0.005794 -0.999932 0.010084
vn 0.005794 -0.999932 0.010084
vn -0.156509 0.005533 -0.987661
vn -0.156509 0.005533 -0.987661
vn -0.037789 0.335907 -0.941137
vn 0.987538 0.068339 0.141768
vn 0.331625 0.139015 0.933113
vn 0.519810 0.243261 0.818915
vn -0.986923 -0.005523 0.161098
vn -0.010081 -0.999934 0.005425
vn -0.968795 -0.063483 0.239597
vn -0.937885 -0.258010 0.231953
vn 0.177854 0.120369 -0.976667
vn 0.449334 0.188358 0.873281
vn -0.123869 -0.209674 -0.969893
vn 0.000000 0.000000 -1.000000
vn 0.339581 -0.120851 0.932781
vn 0.956081 0.106365 -0.273121
vn 0.878074 -0.065356 0.474041
vn -0.996566 0.071291 -0.042116
vn -0.996566 0.071291 -0.042116
vn 0.000000 -1.000000 0.000000
vn 0.623969 0.582879 -0.520495
vn 0.623969 0.582879 -0.520495
vn 0.659778 -0.094342 0.745515
vn 0.886048 -0.050428 0.460843
vn 0.962382 -0.022341 0.270779
vn -0.511783 -0.859115 0.000000
vn 0.886048 -0.050428 0.460843
vn -0.865031 -0.501718 0.000000
vn -0.166852 0.067929 0.983639
vn -0.166852 0.067929 0.983639
vn -0.166852 0.067929 0.983639
vn -0.776663 0.624654 0.081249
vn -0.733389 -0.679545 0.018924
vn -0.213319 -0.070020 -0.974470
vn 1.000000 -0.000000 0.000000
vn 0.982943 0.097282 -0.156072
vn -0.448508 0.187725 0.873842
vn 0.000000 0.000000 -1.000000
vn 0.095664 -0.257049 -0.961652
vn 0.095664 -0.257049 -0.961652
vn -0.947180 0.133077 0.291789
vn -0.597480 -0.169439 0.783778
vn 0.810223 -0.159804 0.563916
vn 0.000000 -0.414954 0.909842
vn 0.810223 -0.159804 0.563916
vn 0.000000 0.000000 1.000000
vn -0.273121 0.106365 -0.956081
vn 0.259638 -0.108189 -0.959627
vn -0.620436 0.005491 -0.784238
vn -0.288557 -0.106104 -0.951565
vn 0.067267 0.012428 0.997658
vn -0.277314 0.109384 0.954532
vn -0.156350 0.068731 -0.985307
vn -0.156350 0.068731 -0.985307
vn 0.000000 0.000000 -1.000000
vn -0.014658 -0.999841 -0.010144
vn 0.917238 0.145805 -0.370697
vn -0.091584 -0.396961 0.913255
vn -0.930249 0.366929 0.000000
vn -0.883782 0.290169 -0.367059
vn -0.360702 0.859770 0.361510
vn 0.984335 -0.176308 0.000000
vn 0.704442 -0.129224 -0.697898
vn 0.066844 -0.018956 -0.997583
vn 0.000000 0.000000 -1.000000
vn 0.010144 -0.999841 -0.014658
vn 0.871270 -0.023554 0.490238
vn 0.704442 -0.129224 -0.697898
vn 0.138667 -0.194872 0.970977
vn -0.985754 -0.086310 -0.144359
vn -0.984635 -0.088768 -0.150378
vn 0.070841 -0.278141 -0.957924
vn -0.957924 -0.278143 0.070844
vn 0.999935 0.007331 0.008693
vn 0.061693 -0.000010 -0.998095
vn 0.148205 0.069724 -0.986496
vn 0.061668 -0.000006 -0.998097
vn 0.224380 -0.270821 -0.936114
vn 0.548078 -0.099507 0.830487
vn 0.323120 0.100647 0.940991
vn 0.260574 0.000000 0.965454
vn -0.887343 -0.103990 0.449232
vn 0.548078 -0.099507 0.830487
vn 0.000000 -0.176308 0.984335
vn 0.000000 0.000000 1.000000
vn -0.288648 -0.176401 0.941045
vn -0.114949 0.928237 0.353783
vn 0.000000 -0.176308 0.984335
vn 0.000000 0.000000 1.000000
vn 0.548078 -0.099507 0.830487
vn -0.114949 0.928237 0.353783
vn -0.906815 0.011515 0.421371
vn -0.906815 0.011515 0.421371
vn -0.906815 0.011515 0.421371
vn 0.704197 -0.036010 0.709091
vn 0.704197 -0.036010 0.709091
vn 0.704197 -0.036010 0.709091
vn -0.153835 0.192244 -0.969215
vn 0.706432 -0.043754 -0.706427
vn 0.000083 0.066004 -0.997819
vn 0.000079 0.066006 -0.997819
vn -0.021443 -0.513706 0.857698
vn -0.021443 -0.513706 0.857698
vn -0.021443 -0.513706 0.857698
vn -0.500927 -0.411365 0.761479
vn 0.814068 -0.106386 -0.570943
vn -0.361645 0.238508 0.901292
vn -0.401169 -0.156088 -0.902607
vn -0.156618 -0.042496 -0.986745
vn -0.531834 0.000000 -0.846849
vn 0.413677 0.907042 -0.078400
vn -0.250463 0.124265 -0.960118
vn -0.071142 -0.201684 -0.976864
vn -0.531834 0.000000 -0.846849
vn -0.934133 0.341681 0.103198
vn -0.295205 0.034505 -0.954811
vn -0.250463 0.124265 -0.960118
vn -0.312303 -0.049156 -0.948710
vn -0.401169 -0.156088 -0.902607
vn -0.250463 0.124265 -0.960118
vn -0.293070 0.133935 -0.946663
vn 0.113888 -0.034573 0.992892
vn 0.756492 -0.298075 0.582127
vn 0.511783 0.859115 0.000000
vn -0.042116 0.071291 0.996566
vn -0.646979 -0.051783 -0.760748
vn -0.000040 -0.987282 -0.158977
vn -0.456258 -0.065475 -0.887436
vn -0.456258 -0.065475 -0.887436
vn -0.000040 -0.987282 -0.158977
vn -0.000253 -0.082227 -0.996614
vn 0.168479 0.065143 -0.983550
vn 0.168479 0.065143 -0.983550
vn -0.014658 -0.999841 -0.010144
vn 0.080983 0.018983 -0.996535
vn 0.080983 0.018983 -0.996535
vn 0.080983 0.018983 -0.996535
vn -0.152657 -0.188849 0.970068
vn 0.997493 -0.060929 -0.035995
vn 0.997826 -0.061252 -0.024309
vn -0.002364 0.520548 0.853829
vn -0.013251 -0.998974 0.043310
vn 0.022183 -0.347167 -0.937541
vn 0.846844 0.000000 0.531842
vn 0.846844 0.000000 0.531842
vn 0.914844 0.151930 0.374136
vn -0.733389 -0.679545 0.018924
vn 0.327372 0.924903 0.193344
vn 0.707110 -0.000042 0.707104
vn -0.198291 0.112236 0.973696
vn 0.022183 -0.347167 -0.937541
vn 0.954492 0.042981 0.295124
vn 0.948346 -0.051768 0.312985
vn -0.002364 0.520548 0.853829
vn 0.898251 0.096189 0.428827
vn 0.022183 -0.347167 -0.937541
vn 0.350120 0.163791 -0.922273
vn 0.350120 0.163791 -0.922273
vn 0.350120 0.163791 -0.922273
vn -0.733389 -0.679545 0.018924
vn 0.601953 -0.177264 0.778607
vn 0.601953 -0.177264 0.778607
vn 0.956081 0.106365 -0.273121
vn 0.982946 0.097258 -0.156073
vn -0.915688 -0.074513 0.394923
vn -0.413193 -0.605121 -0.680514
vn 0.048928 -0.318868 -0.946535
vn 0.305795 0.929919 -0.204304
vn 0.996212 0.031524 0.081040
vn -0.091584 -0.396961 0.913255
vn 0.007587 0.396670 -0.917930
vn -0.975689 0.077098 -0.205149
vn -0.784238 0.005491 0.620436
vn 0.474041 -0.065356 -0.878074
vn 0.474041 -0.065356 -0.878074
vn 0.000254 -0.088022 -0.996118
vn 0.624907 -0.052698 -0.778918
vn 0.000038 -0.991330 0.131399
vn 0.000038 -0.991330 0.131399
vn 0.000038 -0.991330 0.131399
vn -0.838420 0.544351 -0.027085
vn -0.277941 0.075893 -0.957595
vn -0.277941 0.075893 -0.957595
vn 0.041708 0.070601 -0.996632
vn -0.748412 0.663234 0.000000
vn -0.702975 0.068706 -0.707888
vn -0.005425 -0.999934 -0.010081
vn -0.988055 0.086371 0.127620
vn -0.835541 0.307947 0.455016
vn -0.975689 0.077098 -0.205149
vn 0.705060 -0.076038 -0.705060
vn 0.705060 -0.076038 -0.705060
vn -0.214391 0.976748 -0.000000
vn 0.214390 0.976748 -0.000000
vn 0.880346 0.027113 -0.473557
vn 0.842522 -0.281009 -0.459556
vn 0.943859 -0.020441 -0.329715
vn -0.031442 -0.840634 0.540690
vn 1.000000 0.000000 0.000000
vn 1.000000 0.000000 0.000000
vn 0.511439 -0.859319 0.000000
vn -0.954130 0.001620 -0.299388
vn -0.930742 0.001001 -0.365674
vn -0.013251 -0.998974 0.043310
vn 0.360528 0.860255 0.360528
vn 0.052251 0.671833 0.738857
vn -0.620022 -0.781292 -0.071799
vn 0.999959 0.008246 0.003832
vn 0.999963 0.008578 0.000000
vn -0.999965 0.008337 0.000000
vn -0.985928 0.031895 -0.164098
vn -0.501188 0.228579 0.834603
vn -0.338630 0.141735 0.930183
vn 0.214390 0.976748 0.000000
vn 0.214390 0.976748 -0.000000
vn 0.000000 0.000000 -1.000000
vn 0.214390 0.976748 0.000000
vn 0.106672 -0.036369 -0.993629
vn 0.050334 -0.046873 -0.997632
vn -0.080898 -0.023485 -0.996446
vn 0.106672 -0.036369 -0.993629
vn 0.106672 -0.036369 -0.993629
vn -0.009875 -0.999935 0.005640
vn 0.997826 -0.061252 -0.024309
vn 0.999919 0.007864 -0.010043
vn -0.697487 0.058924 0.714171
vn -0.697487 0.058924 0.714171
f 1230/1230/1230 1232/1232/1232 1242/1242/1242
f 1245/1245/1245 1243/1243/1243 1241/1241/1241
f 1424/1424/1424 1422/1422/1422 1423/1423/1423
f 1233/1233/1233 1231/1231/1231 1229/1229/1229
f 1005/1005/1005 1007/1007/1007 173/173/173
f 1006/1006/1006 1007/1007/1007 1005/1005/1005
f 820/820/820 821/821/821 819/819/819
f 703/703/703 702/702/702 704/704/704
f 771/771/771 772/772/772 1365/1365/1365
f 773/773/773 1366/1366/1366 1365/1365/1365
f 185/185/185 186/186/186 187/187/187
f 1362/1362/1362 1360/1360/1360 1361/1361/1361
f 1191/1191/1191 1136/1136/1136 1135/1135/1135
f 1266/1266/1266 1267/1267/1267 1262/1262/1262
f 1265/1265/1265 1263/1263/1263 1264/1264/1264
f 1067/1067/1067 1319/1319/1319 1318/1318/1318
f 158/158/158 1255/1255/1255 1316/1316/1316
f 1167/1167/1167 1166/1166/1166 1162/1162/1162
f 1164/1164/1164 1166/1166/1166 1167/1167/1167
f 1255/1255/1255 158/158/158 188/188/188
f 1161/1161/1161 1165/1165/1165 1163/1163/1163
f 4/4/4 824/824/824 102/102/102
f 5/5/5 824/824/824 4/4/4
f 907/907/907 909/909/909 908/908/908
f 261/261/261 260/260/260 166/166/166
f 149/149/149 150/150/150 151/151/151
f 167/167/167 170/170/170 169/169/169
f 168/168/168 170/170/170 167/167/167
f 1096/1096/1096 724/724/724 1094/1094/1094
f 1022/1022/1022 1217/1217/1217 1021/1021/1021
f 1023/1023/1023 1217/1217/1217 1022/1022/1022
f 129/129/129 127/127/127 126/126/126
f 184/184/184 540/540/540 196/196/196
f 35/35/35 60/60/60 83/83/83
f 128/128/128 60/60/60 35/35/35
f 957/957/957 1438/1438/1438 843/843/843
f 1489/1489/1489 1405/1405/1405 978/978/978
f 1404/1404/1404 1405/1405/1405 1489/1489/1489
f 828/828/828 166/166/166 260/260/260
f 827/827/827 166/166/166 828/828/828
f 37/37/37 35/35/35 83/83/83
f 965/965/965 184/184/184 964/964/964
f 1192/1192/1192 1193/1193/1193 1155/1155/1155
f 1213/1213/1213 1211/1211/1211 1214/1214/1214
f 1212/1212/1212 1211/1211/1211 1213/1213/1213
f 1205/1205/1205 957/957/957 843/843/843
f 939/939/939 723/723/723 938/938/938
f 34/34/34 798/798/798 122/122/122
f 62/62/62 798/798/798 34/34/34
f 1310/1310/1310 1308/1308/1308 1076/1076/1076
f 721/721/721 954/954/954 841/841/841
f 958/958/958 954/954/954 721/721/721
f 105/105/105 710/710/710 141/141/141
f 229/229/229 710/710/710 105/105/105
f 139/139/139 248/248/248 247/247/247
f 138/138/138 248/248/248 139/139/139
f 1216/1216/1216 1217/1217/1217 1215/1215/1215
f 1021/1021/1021 1217/1217/1217 1216/1216/1216
f 36/36/36 62/62/62 34/34/34
f 1309/1309/1309 1308/1308/1308 1310/1310/1310
f 822/822/822 170/170/170 168/168/168
f 958/958/958 1206/1206/1206 954/954/954
f 1207/1207/1207 1206/1206/1206 958/958/958
f 57/57/57 58/58/58 177/177/177
f 1269/1269/1269 708/708/708 176/176/176
f 198/198/198 199/199/199 200/200/200
f 426/426/426 427/427/427 428/428/428
f 1443/1443/1443 1445/1445/1445 1444/1444/1444
f 1159/1159/1159 1158/1158/1158 1160/1160/1160
f 993/993/993 861/861/861 862/862/862
f 665/665/665 664/664/664 663/663/663
f 994/994/994 163/163/163 871/871/871
f 24/24/24 26/26/26 25/25/25
f 30/30/30 29/29/29 28/28/28
f 728/728/728 252/252/252 749/749/749
f 742/742/742 894/894/894 1339/1339/1339
f 1301/1301/1301 894/894/894 742/742/742
f 1488/1488/1488 743/743/743 1273/1273/1273
f 977/977/977 743/743/743 1488/1488/1488
f 1429/1429/1429 106/106/106 995/995/995
f 883/883/883 969/969/969 895/895/895
f 925/925/925 926/926/926 15/15/15
f 918/918/918 147/147/147 146/146/146
f 722/722/722 46/46/46 175/175/175
f 1291/1291/1291 1154/1154/1154 1293/1293/1293
f 1141/1141/1141 1153/1153/1153 1291/1291/1291
f 953/953/953 952/952/952 885/885/885
f 1066/1066/1066 1389/1389/1389 1059/1059/1059
f 711/711/711 112/112/112 714/714/714
f 713/713/713 112/112/112 711/711/711
f 1397/1397/1397 31/31/31 1398/1398/1398
f 1146/1146/1146 1143/1143/1143 1157/1157/1157
f 1333/1333/1333 857/857/857 1328/1328/1328
f 1270/1270/1270 1156/1156/1156 1277/1277/1277
f 1145/1145/1145 1156/1156/1156 1270/1270/1270
f 1299/1299/1299 1314/1314/1314 1315/1315/1315
f 1292/1292/1292 1289/1289/1289 1290/1290/1290
f 1288/1288/1288 1289/1289/1289 1292/1292/1292
f 1476/1476/1476 206/206/206 156/156/156
f 1475/1475/1475 206/206/206 1476/1476/1476
f 1271/1271/1271 1270/1270/1270 1277/1277/1277
f 89/89/89 90/90/90 842/842/842
f 929/929/929 1465/1465/1465 1464/1464/1464
f 75/75/75 1299/1299/1299 1315/1315/1315
f 76/76/76 1299/1299/1299 75/75/75
f 1256/1256/1256 1390/1390/1390 1257/1257/1257
f 1170/1170/1170 1174/1174/1174 1169/1169/1169
f 333/333/333 408/408/408 1327/1327/1327
f 1083/1083/1083 1077/1077/1077 1075/1075/1075
f 334/334/334 72/72/72 407/407/407
f 50/50/50 2/2/2 1127/1127/1127
f 1276/1276/1276 2/2/2 50/50/50
f 191/191/191 183/183/183 123/123/123
f 1311/1311/1311 735/735/735 1307/1307/1307
f 709/709/709 735/735/735 1311/1311/1311
f 1312/1312/1312 189/189/189 1313/1313/1313
f 942/942/942 189/189/189 1312/1312/1312
f 1439/1439/1439 1440/1440/1440 1441/1441/1441
f 1442/1442/1442 1440/1440/1440 1439/1439/1439
f 111/111/111 112/112/112 115/115/115
f 714/714/714 112/112/112 111/111/111
f 49/49/49 1276/1276/1276 50/50/50
f 182/182/182 183/183/183 191/191/191
f 1490/1490/1490 951/951/951 953/953/953
f 709/709/709 74/74/74 735/735/735
f 73/73/73 74/74/74 709/709/709
f 1261/1261/1261 1370/1370/1370 1260/1260/1260
f 1259/1259/1259 1261/1261/1261 1260/1260/1260
f 157/157/157 1387/1387/1387 1388/1388/1388
f 41/41/41 1387/1387/1387 157/157/157
f 1359/1359/1359 1357/1357/1357 1358/1358/1358
f 133/133/133 896/896/896 131/131/131
f 998/998/998 997/997/997 996/996/996
f 7/7/7 1031/1031/1031 1030/1030/1030
f 764/764/764 765/765/765 763/763/763
f 8/8/8 6/6/6 425/425/425
f 858/858/858 859/859/859 860/860/860
f 868/868/868 869/869/869 870/870/870
f 1400/1400/1400 1401/1401/1401 1402/1402/1402
f 1186/1186/1186 1189/1189/1189 1184/1184/1184
f 1190/1190/1190 1189/1189/1189 1186/1186/1186
f 1188/1188/1188 1185/1185/1185 1452/1452/1452
f 1187/1187/1187 1185/1185/1185 1188/1188/1188
f 1133/1133/1133 1134/1134/1134 3/3/3
f 829/829/829 1200/1200/1200 1199/1199/1199
f 1088/1088/1088 1399/1399/1399 1321/1321/1321
f 1099/1099/1099 1101/1101/1101 1100/1100/1100
f 1097/1097/1097 1101/1101/1101 1099/1099/1099
f 1220/1220/1220 32/32/32 1024/1024/1024
f 33/33/33 32/32/32 1220/1220/1220
f 1102/1102/1102 1095/1095/1095 1093/1093/1093
f 1098/1098/1098 1095/1095/1095 1102/1102/1102
f 1020/1020/1020 1208/1208/1208 1019/1019/1019
f 913/913/913 88/88/88 910/910/910
f 258/258/258 165/165/165 257/257/257
f 259/259/259 165/165/165 258/258/258
f 815/815/815 108/108/108 816/816/816
f 840/840/840 839/839/839 838/838/838
f 465/465/465 464/464/464 1204/1204/1204
f 119/119/119 120/120/120 121/121/121
f 153/153/153 463/463/463 466/466/466
f 1453/1453/1453 1091/1091/1091 774/774/774
f 987/987/987 1091/1091/1091 1453/1453/1453
f 737/737/737 1047/1047/1047 1300/1300/1300
f 1004/1004/1004 1003/1003/1003 18/18/18
f 1002/1002/1002 1003/1003/1003 1004/1004/1004
f 1219/1219/1219 1220/1220/1220 1024/1024/1024
f 1218/1218/1218 1220/1220/1220 1219/1219/1219
f 1454/1454/1454 1453/1453/1453 774/774/774
f 1085/1085/1085 1086/1086/1086 1068/1068/1068
f 171/171/171 172/172/172 823/823/823
f 103/103/103 737/737/737 1300/1300/1300
f 104/104/104 737/737/737 103/103/103
f 1284/1284/1284 87/87/87 1283/1283/1283
f 990/990/990 986/986/986 988/988/988
f 1349/1349/1349 1353/1353/1353 1203/1203/1203
f 124/124/124 130/130/130 125/125/125
f 1350/1350/1350 152/152/152 1354/1354/1354
f 1090/1090/1090 117/117/117 991/991/991
f 775/775/775 117/117/117 1090/1090/1090
f 1168/1168/1168 1176/1176/1176 1178/1178/1178
f 180/180/180 1306/1306/1306 181/181/181
f 738/738/738 1306/1306/1306 180/180/180
f 1428/1428/1428 1281/1281/1281 47/47/47
f 1322/1322/1322 1281/1281/1281 1428/1428/1428
f 725/725/725 1282/1282/1282 931/931/931
f 726/726/726 1282/1282/1282 725/725/725
f 825/825/825 164/164/164 826/826/826
f 257/257/257 164/164/164 825/825/825
f 1089/1089/1089 775/775/775 1090/1090/1090
f 1175/1175/1175 1176/1176/1176 1168/1168/1168
f 1210/1210/1210 1209/1209/1209 1020/1020/1020
f 738/738/738 134/134/134 1306/1306/1306
f 135/135/135 134/134/134 738/738/738
f 132/132/132 226/226/226 900/900/900
f 9/9/9 736/736/736 932/932/932
f 750/750/750 736/736/736 9/9/9
f 1194/1194/1194 1196/1196/1196 1195/1195/1195
f 1072/1072/1072 1071/1071/1071 1073/1073/1073
f 875/875/875 876/876/876 874/874/874
f 936/936/936 934/934/934 1247/1247/1247
f 935/935/935 1246/1246/1246 1247/1247/1247
f 1028/1028/1028 1029/1029/1029 1027/1027/1027
f 422/422/422 424/424/424 423/423/423
f 1434/1434/1434 776/776/776 1045/1045/1045
f 1250/1250/1250 1046/1046/1046 136/136/136
f 937/937/937 1046/1046/1046 1250/1250/1250
f 56/56/56 137/137/137 919/919/919
f 727/727/727 137/137/137 56/56/56
f 999/999/999 14/14/14 118/118/118
f 830/830/830 927/927/927 140/140/140
f 729/729/729 730/730/730 922/922/922
f 927/927/927 830/830/830 40/40/40
f 914/914/914 915/915/915 1331/1331/1331
f 1437/1437/1437 1455/1455/1455 1013/1013/1013
f 246/246/246 1455/1455/1455 1437/1437/1437
f 1395/1395/1395 1084/1084/1084 1392/1392/1392
f 1140/1140/1140 1149/1149/1149 1297/1297/1297
f 113/113/113 244/244/244 712/712/712
f 245/245/245 244/244/244 113/113/113
f 1058/1058/1058 1063/1063/1063 1062/1062/1062
f 930/930/930 1466/1466/1466 928/928/928
f 1130/1130/1130 1446/1446/1446 1450/1450/1450
f 1126/1126/1126 1446/1446/1446 1130/1130/1130
f 739/739/739 210/210/210 740/740/740
f 741/741/741 210/210/210 739/739/739
f 1294/1294/1294 1296/1296/1296 1295/1295/1295
f 1329/1329/1329 1069/1069/1069 1070/1070/1070
f 510/510/510 508/508/508 144/144/144
f 1148/1148/1148 1144/1144/1144 1152/1152/1152
f 1325/1325/1325 509/509/509 511/511/511
f 1324/1324/1324 509/509/509 1325/1325/1325
f 1330/1330/1330 1320/1320/1320 1303/1303/1303
f 1280/1280/1280 1/1/1 39/39/39
f 1393/1393/1393 1394/1394/1394 1396/1396/1396
f 1391/1391/1391 1394/1394/1394 1393/1393/1393
f 110/110/110 114/114/114 712/712/712
f 109/109/109 114/114/114 110/110/110
f 1303/1303/1303 1481/1481/1481 1330/1330/1330
f 705/705/705 1325/1325/1325 706/706/706
f 1324/1324/1324 1325/1325/1325 705/705/705
f 227/227/227 228/228/228 190/190/190
f 887/887/887 1492/1492/1492 1491/1491/1491
f 54/54/54 1280/1280/1280 39/39/39
f 55/55/55 1280/1280/1280 54/54/54
f 1448/1448/1448 1447/1447/1447 1449/1449/1449
f 1451/1451/1451 1447/1447/1447 1448/1448/1448
f 1079/1079/1079 1081/1081/1081 1078/1078/1078
f 353/353/353 778/778/778 143/143/143
f 1177/1177/1177 1173/1173/1173 1171/1171/1171
f 1478/1478/1478 1317/1317/1317 1080/1080/1080
f 1302/1302/1302 1317/1317/1317 1478/1478/1478
f 845/845/845 1202/1202/1202 989/989/989
f 1278/1278/1278 38/38/38 1172/1172/1172
f 1182/1182/1182 148/148/148 1183/1183/1183
f 979/979/979 148/148/148 1182/1182/1182
f 1251/1251/1251 1253/1253/1253 1254/1254/1254
f 1252/1252/1252 1253/1253/1253 1251/1251/1251
f 1473/1473/1473 209/209/209 1474/1474/1474
f 740/740/740 209/209/209 1473/1473/1473
f 194/194/194 193/193/193 195/195/195
f 192/192/192 193/193/193 194/194/194
f 1124/1124/1124 1123/1123/1123 1125/1125/1125
f 1122/1122/1122 1123/1123/1123 1124/1124/1124
f 959/959/959 961/961/961 960/960/960
f 116/116/116 961/961/961 959/959/959
f 1477/1477/1477 1302/1302/1302 1478/1478/1478
f 1201/1201/1201 1202/1202/1202 845/845/845
f 1279/1279/1279 53/53/53 38/38/38
f 52/52/52 53/53/53 1279/1279/1279
f 1179/1179/1179 1180/1180/1180 1181/1181/1181
f 61/61/61 1197/1197/1197 1198/1198/1198
f 208/208/208 1197/1197/1197 61/61/61
f 281/281/281 330/330/330 384/384/384
f 301/301/301 411/411/411 349/349/349
f 345/345/345 319/319/319 383/383/383
f 397/397/397 295/295/295 421/421/421
f 395/395/395 397/397/397 421/421/421
f 154/154/154 155/155/155 1326/1326/1326
f 982/982/982 767/767/767 233/233/233
f 233/233/233 767/767/767 414/414/414
f 1114/1114/1114 179/179/179 1107/1107/1107
f 179/179/179 973/973/973 1107/1107/1107
f 232/232/232 1378/1378/1378 981/981/981
f 1378/1378/1378 1374/1374/1374 981/981/981
f 980/980/980 178/178/178 1235/1235/1235
f 1043/1043/1043 963/963/963 901/901/901
f 962/962/962 963/963/963 1043/1043/1043
f 207/207/207 16/16/16 17/17/17
f 1410/1410/1410 207/207/207 1409/1409/1409
f 462/462/462 447/447/447 449/449/449
f 1039/1039/1039 446/446/446 1332/1332/1332
f 1341/1341/1341 809/809/809 802/802/802
f 804/804/804 924/924/924 806/806/806
f 805/805/805 1342/1342/1342 801/801/801
f 1342/1342/1342 1340/1340/1340 801/801/801
f 923/923/923 1343/1343/1343 805/805/805
f 459/459/459 538/538/538 448/448/448
f 539/539/539 459/459/459 458/458/458
f 1121/1121/1121 1116/1116/1116 1119/1119/1119
f 537/537/537 476/476/476 480/480/480
f 1222/1222/1222 1221/1221/1221 59/59/59
f 275/275/275 282/282/282 276/276/276
f 1044/1044/1044 1334/1334/1334 274/274/274
f 707/707/707 1472/1472/1472 238/238/238
f 795/795/795 225/225/225 788/788/788
f 225/225/225 795/795/795 797/797/797
f 225/225/225 797/797/797 224/224/224
f 1347/1347/1347 1351/1351/1351 299/299/299
f 1347/1347/1347 299/299/299 398/398/398
f 224/224/224 797/797/797 792/792/792
f 304/304/304 396/396/396 394/394/394
f 66/66/66 204/204/204 67/67/67
f 67/67/67 920/920/920 66/66/66
f 921/921/921 920/920/920 67/67/67
f 216/216/216 779/779/779 211/211/211
f 498/498/498 451/451/451 481/481/481
f 63/63/63 450/450/450 1403/1403/1403
f 947/947/947 1411/1411/1411 1417/1417/1417
f 1420/1420/1420 1411/1411/1411 947/947/947
f 1414/1414/1414 1012/1012/1012 946/946/946
f 947/947/947 1418/1418/1418 946/946/946
f 1417/1417/1417 1418/1418/1418 947/947/947
f 489/489/489 536/536/536 535/535/535
f 1118/1118/1118 1112/1112/1112 1120/1120/1120
f 800/800/800 813/813/813 807/807/807
f 811/811/811 813/813/813 800/800/800
f 946/946/946 1418/1418/1418 1414/1414/1414
f 20/20/20 92/92/92 93/93/93
f 20/20/20 91/91/91 92/92/92
f 791/791/791 787/787/787 20/20/20
f 65/65/65 1430/1430/1430 277/277/277
f 1382/1382/1382 1377/1377/1377 1385/1385/1385
f 1384/1384/1384 1432/1432/1432 1373/1373/1373
f 889/889/889 1383/1383/1383 1381/1381/1381
f 888/888/888 1383/1383/1383 889/889/889
f 1431/1431/1431 1383/1383/1383 888/888/888
f 1384/1384/1384 1373/1373/1373 1380/1380/1380
f 1381/1381/1381 1386/1386/1386 890/890/890
f 343/343/343 27/27/27 296/296/296
f 344/344/344 297/297/297 321/321/321
f 321/321/321 393/393/393 344/344/344
f 796/796/796 787/787/787 791/791/791
f 203/203/203 1335/1335/1335 81/81/81
f 1336/1336/1336 1335/1335/1335 203/203/203
f 1108/1108/1108 45/45/45 1115/1115/1115
f 482/482/482 556/556/556 467/467/467
f 818/818/818 555/555/555 1338/1338/1338
f 810/810/810 82/82/82 1463/1463/1463
f 217/217/217 893/893/893 972/972/972
f 215/215/215 893/893/893 217/217/217
f 214/214/214 217/217/217 972/972/972
f 971/971/971 974/974/974 213/213/213
f 974/974/974 975/975/975 213/213/213
f 71/71/71 1109/1109/1109 1105/1105/1105
f 213/213/213 975/975/975 218/218/218
f 549/549/549 433/433/433 488/488/488
f 433/433/433 549/549/549 548/548/548
f 812/812/812 814/814/814 799/799/799
f 1406/1406/1406 1419/1419/1419 1415/1415/1415
f 1413/1413/1413 1419/1419/1419 1406/1406/1406
f 1375/1375/1375 1379/1379/1379 1008/1008/1008
f 416/416/416 311/311/311 291/291/291
f 817/817/817 1337/1337/1337 415/415/415
f 769/769/769 235/235/235 234/234/234
f 1460/1460/1460 844/844/844 794/794/794
f 1462/1462/1462 844/844/844 1460/1460/1460
f 766/766/766 239/239/239 241/241/241
f 768/768/768 766/766/766 241/241/241
f 768/768/768 241/241/241 769/769/769
f 1461/1461/1461 1462/1462/1462 1460/1460/1460
f 409/409/409 865/865/865 266/266/266
f 789/789/789 790/790/790 793/793/793
f 766/766/766 237/237/237 239/239/239
f 769/769/769 241/241/241 235/235/235
f 21/21/21 22/22/22 992/992/992
f 493/493/493 527/527/527 494/494/494
f 527/527/527 493/493/493 434/434/434
f 528/528/528 435/435/435 497/497/497
f 693/693/693 690/690/690 683/683/683
f 668/668/668 690/690/690 693/693/693
f 682/682/682 689/689/689 667/667/667
f 1344/1344/1344 1348/1348/1348 1355/1355/1355
f 337/337/337 338/338/338 373/373/373
f 373/373/373 287/287/287 268/268/268
f 372/372/372 267/267/267 336/336/336
f 332/332/332 341/341/341 285/285/285
f 331/331/331 286/286/286 374/374/374
f 84/84/84 1268/1268/1268 68/68/68
f 878/878/878 882/882/882 623/623/623
f 759/759/759 758/758/758 563/563/563
f 943/943/943 1436/1436/1436 622/622/622
f 1151/1151/1151 1139/1139/1139 1138/1138/1138
f 1426/1426/1426 1427/1427/1427 19/19/19
f 529/529/529 454/454/454 530/530/530
f 454/454/454 529/529/529 526/526/526
f 453/453/453 524/524/524 513/513/513
f 453/453/453 525/525/525 524/524/524
f 691/691/691 670/670/670 687/687/687
f 672/672/672 688/688/688 686/686/686
f 685/685/685 669/669/669 671/671/671
f 1082/1082/1082 1057/1057/1057 1060/1060/1060
f 357/357/357 377/377/377 298/298/298
f 375/375/375 378/378/378 358/358/358
f 356/356/356 357/357/357 298/298/298
f 359/359/359 371/371/371 376/376/376
f 370/370/370 357/357/357 356/356/356
f 1061/1061/1061 1074/1074/1074 770/770/770
f 1074/1074/1074 1065/1065/1065 770/770/770
f 1065/1065/1065 1258/1258/1258 770/770/770
f 1287/1287/1287 174/174/174 1286/1286/1286
f 441/441/441 559/559/559 440/440/440
f 437/437/437 558/558/558 452/452/452
f 558/558/558 456/456/456 438/438/438
f 456/456/456 558/558/558 437/437/437
f 443/443/443 455/455/455 436/436/436
f 439/439/439 455/455/455 442/442/442
f 696/696/696 701/701/701 695/695/695
f 1000/1000/1000 1103/1103/1103 1001/1001/1001
f 673/673/673 692/692/692 697/697/697
f 531/531/531 452/452/452 558/558/558
f 1345/1345/1345 1346/1346/1346 404/404/404
f 404/404/404 272/272/272 279/279/279
f 279/279/279 1345/1345/1345 404/404/404
f 278/278/278 863/863/863 269/269/269
f 405/405/405 420/420/420 864/864/864
f 649/649/649 569/569/569 657/657/657
f 656/656/656 568/568/568 570/570/570
f 534/534/534 461/461/461 502/502/502
f 855/855/855 491/491/491 850/850/850
f 491/491/491 514/514/514 501/501/501
f 514/514/514 491/491/491 855/855/855
f 533/533/533 515/515/515 545/545/545
f 500/500/500 515/515/515 533/533/533
f 492/492/492 503/503/503 460/460/460
f 680/680/680 679/679/679 674/674/674
f 698/698/698 678/678/678 681/681/681
f 694/694/694 678/678/678 698/698/698
f 389/389/389 288/288/288 283/283/283
f 402/402/402 392/392/392 322/322/322
f 385/385/385 289/289/289 391/391/391
f 324/324/324 289/289/289 385/385/385
f 385/385/385 402/402/402 324/324/324
f 403/403/403 386/386/386 390/390/390
f 323/323/323 284/284/284 290/290/290
f 616/616/616 618/618/618 571/571/571
f 1129/1129/1129 1128/1128/1128 1132/1132/1132
f 617/617/617 646/646/646 658/658/658
f 1272/1272/1272 1092/1092/1092 340/340/340
f 1025/1025/1025 1026/1026/1026 406/406/406
f 911/911/911 48/48/48 1131/1131/1131
f 352/352/352 310/310/310 340/340/340
f 306/306/306 406/406/406 309/309/309
f 367/367/367 305/305/305 307/307/307
f 369/369/369 305/305/305 367/367/367
f 339/339/339 966/966/966 351/351/351
f 308/308/308 350/350/350 368/368/368
f 1369/1369/1369 1367/1367/1367 1368/1368/1368
f 748/748/748 847/847/847 854/854/854
f 550/550/550 11/11/11 99/99/99
f 1147/1147/1147 1142/1142/1142 1137/1137/1137
f 1480/1480/1480 1459/1459/1459 1087/1087/1087
f 544/544/544 847/847/847 541/541/541
f 846/846/846 848/848/848 550/550/550
f 522/522/522 444/444/444 523/523/523
f 469/469/469 444/444/444 522/522/522
f 853/853/853 852/852/852 1011/1011/1011
f 746/746/746 468/468/468 521/521/521
f 542/542/542 468/468/468 746/746/746
f 1482/1482/1482 1459/1459/1459 1480/1480/1480
f 543/543/543 745/745/745 429/429/429
f 551/551/551 547/547/547 532/532/532
f 51/51/51 1458/1458/1458 1150/1150/1150
f 507/507/507 496/496/496 484/484/484
f 100/100/100 12/12/12 496/496/496
f 551/551/551 483/483/483 547/547/547
f 519/519/519 552/552/552 520/520/520
f 485/485/485 552/552/552 519/519/519
f 495/495/495 504/504/504 967/967/967
f 517/517/517 486/486/486 518/518/518
f 505/505/505 486/486/486 517/517/517
f 506/506/506 197/197/197 968/968/968
f 516/516/516 197/197/197 506/506/506
f 401/401/401 42/42/42 747/747/747
f 410/410/410 98/98/98 10/10/10
f 912/912/912 1479/1479/1479 1064/1064/1064
f 365/365/365 410/410/410 346/346/346
f 363/363/363 366/366/366 347/347/347
f 348/348/348 362/362/362 364/364/364
f 400/400/400 362/362/362 348/348/348
f 361/361/361 399/399/399 1010/1010/1010
f 360/360/360 1009/1009/1009 315/315/315
f 325/325/325 382/382/382 280/280/280
f 849/849/849 851/851/851 856/856/856
f 720/720/720 783/783/783 784/784/784
f 675/675/675 684/684/684 872/872/872
f 589/589/589 659/659/659 605/605/605
f 573/573/573 582/582/582 589/589/589
f 1117/1117/1117 720/720/720 784/784/784
f 582/582/582 659/659/659 589/589/589
f 677/677/677 676/676/676 873/873/873
f 699/699/699 676/676/676 677/677/677
f 684/684/684 700/700/700 666/666/666
f 872/872/872 684/684/684 666/666/666
f 1407/1407/1407 1469/1469/1469 1048/1048/1048
f 632/632/632 581/581/581 572/572/572
f 660/660/660 581/581/581 632/632/632
f 430/430/430 554/554/554 499/499/499
f 1285/1285/1285 1117/1117/1117 142/142/142
f 335/335/335 264/264/264 271/271/271
f 270/270/270 263/263/263 387/387/387
f 355/355/355 388/388/388 380/380/380
f 355/355/355 380/380/380 317/317/317
f 316/316/316 381/381/381 313/313/313
f 312/312/312 379/379/379 262/262/262
f 312/312/312 262/262/262 335/335/335
f 803/803/803 23/23/23 808/808/808
f 445/445/445 471/471/471 487/487/487
f 781/781/781 470/470/470 744/744/744
f 1467/1467/1467 1113/1113/1113 1111/1111/1111
f 1412/1412/1412 1298/1298/1298 1425/1425/1425
f 1106/1106/1106 1468/1468/1468 1110/1110/1110
f 1111/1111/1111 1104/1104/1104 1468/1468/1468
f 1468/1468/1468 1467/1467/1467 1111/1111/1111
f 557/557/557 475/475/475 477/477/477
f 1244/1244/1244 1305/1305/1305 1304/1304/1304
f 1421/1421/1421 1408/1408/1408 1416/1416/1416
f 212/212/212 219/219/219 220/220/220
f 1468/1468/1468 1104/1104/1104 1110/1110/1110
f 457/457/457 546/546/546 432/432/432
f 69/69/69 77/77/77 1225/1225/1225
f 230/230/230 231/231/231 780/780/780
f 892/892/892 891/891/891 236/236/236
f 292/292/292 273/273/273 318/318/318
f 782/782/782 419/419/419 293/293/293
f 1238/1238/1238 70/70/70 1228/1228/1228
f 79/79/79 70/70/70 1238/1238/1238
f 79/79/79 1234/1234/1234 1239/1239/1239
f 78/78/78 1240/1240/1240 1224/1224/1224
f 80/80/80 1240/1240/1240 78/78/78
f 243/243/243 240/240/240 242/242/242
f 294/294/294 418/418/418 417/417/417
f 79/79/79 1238/1238/1238 1234/1234/1234
f 867/867/867 314/314/314 329/329/329
f 320/320/320 302/302/302 327/327/327
f 342/342/342 302/302/302 320/320/320
f 328/328/328 412/412/412 354/354/354
f 300/300/300 342/342/342 265/265/265
f 265/265/265 342/342/342 320/320/320
f 1376/1376/1376 1433/1433/1433 1049/1049/1049
f 490/490/490 1364/1364/1364 474/474/474
f 473/473/473 478/478/478 431/431/431
f 512/512/512 490/490/490 474/474/474
f 786/786/786 777/777/777 886/886/886
f 1223/1223/1223 777/777/777 786/786/786
f 490/490/490 512/512/512 553/553/553
f 205/205/205 1433/1433/1433 1376/1376/1376
f 413/413/413 326/326/326 303/303/303
f 1470/1470/1470 1049/1049/1049 1471/1471/1471
f 1376/1376/1376 1049/1049/1049 1470/1470/1470
f 479/479/479 472/472/472 1363/1363/1363
f 902/902/902 976/976/976 933/933/933
f 1352/1352/1352 1356/1356/1356 866/866/866
f 944/944/944 595/595/595 251/251/251
f 86/86/86 756/756/756 145/145/145
f 1055/1055/1055 945/945/945 250/250/250
f 1050/1050/1050 945/945/945 1055/1055/1055
f 1051/1051/1051 637/637/637 107/107/107
f 599/599/599 1050/1050/1050 1054/1054/1054
f 1226/1226/1226 1236/1236/1236 1237/1237/1237
f 1227/1227/1227 1236/1236/1236 1226/1226/1226
f 161/161/161 606/606/606 1033/1033/1033
f 985/985/985 610/610/610 160/160/160
f 1032/1032/1032 587/587/587 161/161/161
f 941/941/941 586/586/586 940/940/940
f 162/162/162 586/586/586 941/941/941
f 585/585/585 627/627/627 159/159/159
f 256/256/256 255/255/255 253/253/253
f 255/255/255 256/256/256 254/254/254
f 970/970/970 85/85/85 834/834/834
f 64/64/64 638/638/638 202/202/202
f 101/101/101 1323/1323/1323 1435/1435/1435
f 64/64/64 201/201/201 1038/1038/1038
f 652/652/652 917/917/917 653/653/653
f 916/916/916 917/917/917 652/652/652
f 1056/1056/1056 835/835/835 654/654/654
f 1038/1038/1038 1037/1037/1037 64/64/64
f 574/574/574 655/655/655 1035/1035/1035
f 624/624/624 1036/1036/1036 1038/1038/1038
f 97/97/97 96/96/96 95/95/95
f 94/94/94 95/95/95 96/96/96
f 832/832/832 879/879/879 1275/1275/1275
f 1372/1372/1372 643/643/643 639/639/639
f 249/249/249 643/643/643 1372/1372/1372
f 579/579/579 833/833/833 1274/1274/1274
f 1457/1457/1457 1456/1456/1456 580/580/580
f 249/249/249 831/831/831 578/578/578
f 881/881/881 897/897/897 984/984/984
f 1034/1034/1034 877/877/877 880/880/880
f 983/983/983 602/602/602 881/881/881
f 13/13/13 884/884/884 601/601/601
f 880/880/880 600/600/600 1034/1034/1034
f 223/223/223 221/221/221 222/222/222
f 955/955/955 1018/1018/1018 1015/1015/1015
f 955/955/955 956/956/956 1018/1018/1018
f 1014/1014/1014 1016/1016/1016 1017/1017/1017
f 577/577/577 615/615/615 604/604/604
f 611/611/611 615/615/615 577/577/577
f 611/611/611 752/752/752 615/615/615
f 644/644/644 604/604/604 562/562/562
f 644/644/644 577/577/577 604/604/604
f 588/588/588 662/662/662 576/576/576
f 576/576/576 645/645/645 588/588/588
f 647/647/647 583/583/583 650/650/650
f 561/561/561 583/583/583 647/647/647
f 948/948/948 950/950/950 906/906/906
f 904/904/904 905/905/905 949/949/949
f 904/904/904 903/903/903 905/905/905
f 626/626/626 661/661/661 609/609/609
f 575/575/575 661/661/661 626/626/626
f 575/575/575 640/640/640 661/661/661
f 640/640/640 575/575/575 662/662/662
f 584/584/584 629/629/629 651/651/651
f 621/621/621 651/651/651 629/629/629
f 837/837/837 1485/1485/1485 1484/1484/1484
f 837/837/837 836/836/836 1485/1485/1485
f 1487/1487/1487 1483/1483/1483 1486/1486/1486
f 625/625/625 762/762/762 636/636/636
f 634/634/634 762/762/762 603/603/603
f 625/625/625 608/608/608 762/762/762
f 603/603/603 607/607/607 596/596/596
f 596/596/596 634/634/634 603/603/603
f 634/634/634 596/596/596 760/760/760
f 620/620/620 628/628/628 565/565/565
f 715/715/715 716/716/716 719/719/719
f 717/717/717 785/785/785 718/718/718
f 1042/1042/1042 1040/1040/1040 1041/1041/1041
f 43/43/43 1041/1041/1041 1040/1040/1040
f 43/43/43 44/44/44 1041/1041/1041
f 598/598/598 642/642/642 613/613/613
f 567/567/567 642/642/642 598/598/598
f 753/753/753 612/612/612 641/641/641
f 597/597/597 594/594/594 566/566/566
f 597/597/597 761/761/761 633/633/633
f 635/635/635 761/761/761 597/597/597
f 594/594/594 597/597/597 633/633/633
f 564/564/564 648/648/648 619/619/619
f 560/560/560 648/648/648 564/564/564
f 757/757/757 751/751/751 1053/1053/1053
f 1371/1371/1371 898/898/898 899/899/899
f 1052/1052/1052 630/630/630 754/754/754
f 1248/1248/1248 631/631/631 1249/1249/1249
f 590/590/590 631/631/631 1248/1248/1248
f 1371/1371/1371 755/755/755 593/593/593
f 630/630/630 592/592/592 754/754/754
f 630/630/630 614/614/614 591/591/591
f 731/731/731 732/732/732 734/734/734
f 734/734/734 732/732/732 733/733/733
f 754/754/754 757/757/757 1052/1052/1052
f 755/755/755 1371/1371/1371 899/899/899
